,player_id,player_name
0,1626220,Royce O'Neale
1,202711,Bojan Bogdanovic
2,203497,Rudy Gobert
3,1628378,Donovan Mitchell
4,201144,Mike Conley
5,204060,Joe Ingles
6,202334,Ed Davis
7,201145,Jeff Green
8,203957,Dante Exum
9,1626144,Emmanuel Mudiay
10,1627777,Georges Niang
11,1628396,Tony Bradley
12,1628430,Nigel Williams-Goss
13,202699,Tobias Harris
14,201143,Al Horford
15,203954,Joel Embiid
16,1627788,Furkan Korkmaz
17,1627732,Ben Simmons
18,203516,James Ennis III
19,203118,Mike Scott
20,203526,Raul Neto
21,1629680,Matisse Thybulle
22,1629003,Shake Milton
23,203124,Kyle O'Quinn
24,203658,Norvel Pelle
25,1628995,Kevin Knox II
26,203944,Julius Randle
27,201959,Taj Gibson
28,1629628,RJ Barrett
29,1628372,Dennis Smith Jr.
30,201961,Wayne Ellington
31,1629011,Mitchell Robinson
32,1628422,Damyean Dotson
33,1626171,Bobby Portis
34,1629019,Allonzo Trier
35,1629649,Ignas Brazdeikis
36,1628443,Kadeem Allen
37,203114,Khris Middleton
38,203507,Giannis Antetokounmpo
39,201577,Robin Lopez
40,202083,Wesley Matthews
41,202339,Eric Bledsoe
42,1628978,Donte DiVincenzo
43,101141,Ersan Ilyasova
44,1626192,Pat Connaughton
45,201588,George Hill
46,1628391,D.J. Wilson
47,2594,Kyle Korver
48,1627733,Dragan Bender
49,203648,Thanasis Antetokounmpo
50,1627739,Kris Dunn
51,1628374,Lauri Markkanen
52,1628976,Wendell Carter Jr.
53,203897,Zach LaVine
54,203107,Tomas Satoransky
55,1629632,Coby White
56,201152,Thaddeus Young
57,1627853,Ryan Arcidiacono
58,1627756,Denzel Valentine
59,1629655,Daniel Gafford
60,1627885,Shaquille Harrison
61,1628436,Luke Kornet
62,1629622,Max Strus
63,203084,Harrison Barnes
64,202357,Nemanja Bjelica
65,1626158,Richaun Holmes
66,1627741,Buddy Hield
67,202709,Cory Joseph
68,203992,Bogdan Bogdanovic
69,1629713,Justin James
70,2772,Trevor Ariza
71,203473,Dewayne Dedmon
72,1627812,Yogi Ferrell
73,1628385,Harry Giles III
74,1629657,Kyle Guy
75,1628403,Caleb Swanigan
76,1626162,Kelly Oubre Jr.
77,203967,Dario Saric
78,1626163,Frank Kaminsky
79,1626164,Devin Booker
80,201937,Ricky Rubio
81,1628969,Mikal Bridges
82,1629660,Ty Jerome
83,1629661,Cameron Johnson
84,1628975,Jevon Carter
85,203382,Aron Baynes
86,204020,Tyler Johnson
87,1629059,Elie Okobo
88,1628970,Miles Bridges
89,1629023,P.J. Washington
90,202687,Bismack Biyombo
91,1628984,Devonte' Graham
92,1626179,Terry Rozier
93,201587,Nicolas Batum
94,203469,Cody Zeller
95,101107,Marvin Williams
96,1628370,Malik Monk
97,1628407,Dwayne Bacon
98,1626195,Willy Hernangomez
99,203077,Michael Kidd-Gilchrist
100,203933,T.J. Warren
101,1627734,Domantas Sabonis
102,1626167,Myles Turner
103,203087,Jeremy Lamb
104,1627763,Malcolm Brogdon
105,203200,Justin Holiday
106,1628988,Aaron Holiday
107,204456,T.J. McConnell
108,203926,Doug McDermott
109,1629048,Goga Bitadze
110,1628993,Alize Johnson
111,1628388,TJ Leaf
112,203524,Solomon Hill
113,203109,Jae Crowder
114,1628991,Jaren Jackson Jr.
115,1628415,Dillon Brooks
116,1626145,Tyus Jones
117,1629001,De'Anthony Melton
118,1628960,Grayson Allen
119,203998,Bruno Caboclo
120,1629741,Marko Guduric
121,203937,Kyle Anderson
122,1629634,Brandon Clarke
123,202685,Jonas Valanciunas
124,1629139,Yuta Watanabe
125,1629672,Eric Paschall
126,1626172,Kevon Looney
127,1626161,Willie Cauley-Stein
128,203922,Glenn Robinson III
129,202692,Alec Burks
130,1629065,Ky Bowman
131,1627737,Marquese Chriss
132,1629673,Jordan Poole
133,1629016,Omari Spellman
134,1628980,Jacob Evans
135,203110,Draymond Green
136,1629631,De'Andre Hunter
137,203953,Jabari Parker
138,1627745,Damian Jones
139,1627761,DeAndre' Bembry
140,1629027,Trae Young
141,1713,Vince Carter
142,203458,Alex Len
143,1629629,Cam Reddish
144,202323,Evan Turner
145,1627820,Tyrone Wallace
146,1628981,Bruno Fernando
147,1629164,Brandon Goodwin
148,202718,Chandler Parsons
149,202710,Jimmy Butler
150,1628389,Bam Adebayo
151,203086,Meyers Leonard
152,1629130,Duncan Robinson
153,1629134,Kendrick Nunn
154,201609,Goran Dragic
155,1626159,Justise Winslow
156,1629735,Chris Silva
157,1629639,Tyler Herro
158,203482,Kelly Olynyk
159,1627884,Derrick Jones Jr.
160,2617,Udonis Haslem
161,201949,James Johnson
162,203925,Joe Harris
163,1627752,Taurean Prince
164,1628386,Jarrett Allen
165,202066,Garrett Temple
166,203915,Spencer Dinwiddie
167,1629058,Dzanan Musa
168,201599,DeAndre Jordan
169,202697,Iman Shumpert
170,1628021,David Nwaba
171,1629033,Theo Pinson
172,1629651,Nicolas Claxton
173,1626203,Treveon Graham
174,203496,Robert Covington
175,1626157,Karl-Anthony Towns
176,1629633,Jarrett Culver
177,203952,Andrew Wiggins
178,201952,Jeff Teague
179,1629006,Josh Okogie
180,203894,Shabazz Napier
181,1628966,Keita Bates-Diop
182,203476,Gorgui Dieng
183,1628395,Jordan Bell
184,1629675,Naz Reid
185,203943,Noah Vonleh
186,1627827,Dorian Finney-Smith
187,204001,Kristaps Porzingis
188,203939,Dwight Powell
189,203501,Tim Hardaway Jr.
190,1629029,Luka Doncic
191,1626153,Delon Wright
192,203552,Seth Curry
193,1628467,Maxi Kleber
194,1628973,Jalen Brunson
195,1628382,Justin Jackson
196,1626246,Boban Marjanovic
197,200826,J.J. Barea
198,201584,Courtney Lee
199,2544,LeBron James
200,203076,Anthony Davis
201,201580,JaVale McGee
202,201980,Danny Green
203,203484,Kentavious Caldwell-Pope
204,1628398,Kyle Kuzma
205,1627936,Alex Caruso
206,200765,Rajon Rondo
207,203584,Troy Daniels
208,2730,Dwight Howard
209,201162,Jared Dudley
210,1626188,Quinn Cook
211,201942,DeMar DeRozan
212,200752,Rudy Gay
213,1627751,Jakob Poeltl
214,1628401,Derrick White
215,1627854,Bryn Forbes
216,1627749,Dejounte Murray
217,201988,Patty Mills
218,1626168,Trey Lyles
219,1629234,Drew Eubanks
220,201158,Marco Belinelli
221,1629022,Lonnie Walker IV
222,201960,DeMarre Carroll
223,1629002,Chimezie Metu
224,203503,Tony Snell
225,201933,Blake Griffin
226,203083,Andre Drummond
227,1628379,Luke Kennard
228,1628971,Bruce Brown
229,204038,Langston Galloway
230,201565,Derrick Rose
231,202693,Markieff Morris
232,1629004,Svi Mykhailiuk
233,1626174,Christian Wood
234,1627748,Thon Maker
235,204025,Tim Frazier
236,1629635,Sekou Doumbouya
237,1628390,Terrance Ferguson
238,201568,Danilo Gallinari
239,203500,Steven Adams
240,1628983,Shai Gilgeous-Alexander
241,101108,Chris Paul
242,203457,Nerlens Noel
243,203471,Dennis Schroder
244,1627846,Abdel Nader
245,1629647,Darius Bazley
246,1629126,Deonte Burton
247,1628985,Devon Hall
248,203488,Mike Muscala
249,201950,Jrue Holiday
250,1627742,Brandon Ingram
251,1626143,Jahlil Okafor
252,200755,JJ Redick
253,1628366,Lonzo Ball
254,1629637,Jaxson Hayes
255,1628404,Josh Hart
256,202734,E'Twaun Moore
257,1629740,Nicolo Melli
258,1629638,Nickeil Alexander-Walker
259,202324,Derrick Favors
260,1628402,Frank Jackson
261,1629026,Kenrich Williams
262,1628371,Jonathan Isaac
263,203932,Aaron Gordon
264,203920,Khem Birch
265,203095,Evan Fournier
266,1628365,Markelle Fultz
267,1628411,Wes Iwundu
268,201571,D.J. Augustin
269,1628964,Mo Bamba
270,203082,Terrence Ross
271,1628982,Melvin Frazier Jr.
272,1628518,Amile Jefferson
273,203705,Josh Magette
274,1628384,OG Anunoby
275,1627783,Pascal Siakam
276,201188,Marc Gasol
277,1626181,Norman Powell
278,1627832,Fred VanVleet
279,201586,Serge Ibaka
280,1626178,Rondae Hollis-Jefferson
281,1629056,Terence Davis
282,1628449,Chris Boucher
283,1629052,Oshae Brissett
284,1626259,Malcolm Miller
285,1629608,Dewan Hernandez
286,1629044,Shamorie Ponds
287,1628972,Troy Brown Jr.
288,1629060,Rui Hachimura
289,1628418,Thomas Bryant
290,203078,Bradley Beal
291,202738,Isaiah Thomas
292,202722,Davis Bertans
293,202397,Ish Smith
294,203895,Jordan McRae
295,1629067,Isaac Bonga
296,1629185,Chris Chiozza
297,101133,Ian Mahinmi
298,1629021,Moritz Wagner
299,202695,Kawhi Leonard
300,203090,Maurice Harkless
301,1627826,Ivica Zubac
302,202331,Paul George
303,201976,Patrick Beverley
304,101150,Lou Williams
305,1626149,Montrezl Harrell
306,203210,JaMychal Green
307,1629010,Jerome Robinson
308,1629611,Terance Mann
309,202335,Patrick Patterson
310,1628476,Derrick Walton Jr.
311,1629662,Mfiondu Kabengele
312,1627759,Jaylen Brown
313,1628369,Jayson Tatum
314,1628464,Daniel Theis
315,203935,Marcus Smart
316,202689,Kemba Walker
317,202683,Enes Kanter
318,1629684,Grant Williams
319,1629750,Javonte Green
320,202954,Brad Wanamaker
321,1629057,Robert Williams III
322,1628400,Semi Ojeleye
323,1629035,Carsen Edwards
324,1629738,Vincent Poirier
325,1628373,Frank Ntilikina
326,202694,Marcus Morris Sr.
327,203459,Allen Crabbe
328,203463,Ben McLemore
329,200782,P.J. Tucker
330,2199,Tyson Chandler
331,201935,James Harden
332,201566,Russell Westbrook
333,1628392,Isaiah Hartenstein
334,203085,Austin Rivers
335,1629109,Gary Clark
336,200757,Thabo Sefolosha
337,1629598,Chris Clemons
338,203991,Clint Capela
339,1628412,Frank Mason
340,203115,Will Barton
341,200794,Paul Millsap
342,203999,Nikola Jokic
343,203914,Gary Harris
344,1627750,Jamal Murray
345,203924,Jerami Grant
346,1627823,Juancho Hernangomez
347,1628420,Monte Morris
348,203486,Mason Plumlee
349,1627736,Malik Beasley
350,1628470,Torrey Craig
351,1629008,Michael Porter Jr.
352,1629117,Wenyen Gabriel
353,203504,Trey Burke
354,1629015,Zhaire Smith
355,1629671,Miye Oni
356,1629630,Ja Morant
357,203918,Rodney Hood
358,2546,Carmelo Anthony
359,202355,Hassan Whiteside
360,203468,CJ McCollum
361,203081,Damian Lillard
362,1629642,Nassir Little
363,1629014,Anfernee Simons
364,1627746,Skal Labissiere
365,203145,Kent Bazemore
366,1629650,Moses Brown
367,1626209,Mario Hezonja
368,1629658,Jaylen Hoard
369,201229,Anthony Tolliver
370,1627767,Cheick Diallo
371,203585,Rodney McGruder
372,200746,LaMarcus Aldridge
373,201572,Brook Lopez
374,1626224,Cedi Osman
375,201567,Kevin Love
376,202684,Tristan Thompson
377,1629012,Collin Sexton
378,1629636,Darius Garland
379,1626204,Larry Nance Jr.
380,1629645,Kevin Porter Jr.
381,203903,Jordan Clarkson
382,1628035,Alfonzo McKinnie
383,203521,Matthew Dellavedova
384,1627790,Ante Zizic
385,202688,Brandon Knight
386,1629621,Marial Shayok
387,202329,Al-Farouq Aminu
388,1627740,Henry Ellenson
389,1627789,Timothe Luwawu-Cabarrot
390,1628990,Chandler Hutchison
391,1626156,D'Angelo Russell
392,1628383,Justin Patton
393,1629103,Kelan Martin
394,1628425,Sterling Brown
395,1628998,Cody Martin
396,1627863,Danuel House Jr.
397,1626196,Josh Richardson
398,1628413,Jonah Bolden
399,1629752,Juwan Morgan
400,1629168,BJ Johnson
401,1629066,Rodions Kurucs
402,101139,CJ Miles
403,1629682,Tremont Waters
404,1629669,Jaylen Nowell
405,1629678,Admiral Schofield
406,1629620,Justin Robinson
407,1629028,Deandre Ayton
408,1629648,Jordan Bone
409,1629018,Gary Trent Jr.
410,1629640,Keldon Johnson
411,1629744,Matt Thomas
412,1628513,Naz Mitrou-Long
413,1628977,Hamidou Diallo
414,1629731,Dean Wade
415,1629151,Ryan Broekhoff
416,1629610,DaQuan Jeffries
417,1629742,Stanton Kidd
418,1629625,Justin Wright-Foreman
419,202696,Nikola Vucevic
420,1629076,Tyler Cook
421,1629597,Zylan Cheatham
422,1627982,Josh Gray
423,1627774,Jake Layman
424,1628968,Brian Bowen II
425,203960,JaKarr Sampson
426,203487,Michael Carter-Williams
427,1629020,Jarred Vanderbilt
428,1629718,Charles Brown Jr.
429,201583,Ryan Anderson
430,1626169,Stanley Johnson
431,1629133,Daryl Macon
432,202681,Kyrie Irving
433,1628997,Caleb Martin
434,1629668,Zach Norvell Jr.
435,1628410,Edmond Sumner
436,1629641,Romeo Langford
437,202340,Avery Bradley
438,1628989,Kevin Huerter
439,1628381,John Collins
440,1629644,KZ Okpala
441,1629162,Jordan McLaughlin
442,201569,Eric Gordon
443,1627814,Damion Lee
444,1629013,Landry Shamet
445,1629659,Talen Horton-Tucker
446,1627747,Caris LeVert
447,202330,Gordon Hayward
448,1629723,John Konchar
449,2200,Pau Gasol
450,1629714,Jarrell Brantley
451,200768,Kyle Lowry
452,1629017,Khyri Thomas
453,1628368,De'Aaron Fox
454,203079,Dion Waiters
455,203490,Otto Porter Jr.
456,1626187,Michael Frazier
457,202326,DeMarcus Cousins
458,1628380,Zach Collins
459,1628427,Vlatko Cancar
460,201163,Wilson Chandler
461,1629605,Tacko Fall
462,201939,Stephen Curry
463,1627775,Patrick McCaw
464,203901,Elfrid Payton
465,1628961,Kostas Antetokounmpo
466,203089,John Henson
467,1629726,Garrison Mathews
468,1628405,Johnathan Motley
469,1629607,Jared Harper
470,1628408,PJ Dozier
471,1629667,Jalen McDaniels
472,202704,Reggie Jackson
473,1628963,Marvin Bagley III
474,1629676,Isaiah Roby
475,1628394,Anzejs Pasecniks
476,1627883,Jalen Jones
477,1629312,Haywood Highsmith
478,1629746,Christ Koumadje
479,1627776,Isaiah Miles
480,1627819,Isaiah Taylor
481,1626166,Cameron Payne
482,1628421,Devin Robinson
483,1629962,Devin Cannady
484,201142,Kevin Durant
485,1629747,CJ Massinburg
486,202498,Lance Thomas
487,203710,C.J. Williams
488,101123,Gerald Green
489,1629070,Matur Maker
490,2403,Nene
491,1629034,Ray Spalding
492,1629734,Kyle Alexander
493,1628432,Davon Reed
494,1629967,Skyler Flatten
495,204215,Bubu Palo
496,1629824,Jalen Adams
497,1629715,Javon Bess
498,1628448,Kavell Bigby-Williams
499,203121,Darius Miller
500,1629627,Zion Williamson
501,203493,Reggie Bullock
502,1629722,V.J. King
503,1629777,Lamar Peters
504,1629624,Kenny Wooten
505,1629594,Bennie Boatwright
506,2738,Andre Iguodala
507,1628367,Josh Jackson
508,203101,Miles Plumlee
509,1628397,Ivan Rabb
510,1629683,Quinndary Weatherspoon
511,1629677,Luka Samanic
512,1629756,Daulton Hommes
513,1629719,Devontae Cacok
514,1627743,Demetrius Jackson
515,1629305,Marcus Allen
516,1626150,Andrew Harrison
517,1629800,Kavion Pippen
518,1629308,Juan Toscano-Anderson
519,1629346,Alen Smailagic
520,202691,Klay Thompson
521,1629833,Keljin Blevins
522,1628505,Troy Caupain
523,1628506,London Perrantes
524,203994,Jusuf Nurkic
525,203092,Tyler Zeller
526,1629626,Bol Bol
527,1629729,Josh Reaves
528,1628499,Antonius Cleveland
529,1629599,Amir Coffey
530,1629055,Donte Grantham
531,1629806,B.J. Taylor
532,1628769,Tahjere McCall
533,1629717,Armoni Brooks
534,1629094,Marcus Derrickson
535,1626296,Jordan Sibert
536,1629779,Justin Simon
537,1628495,Milton Doyle
538,1629690,Adam Mokoka
539,1626245,Cristiano Felicio
540,1629679,Simisola Shittu
541,1628967,Tyus Battle
542,1629956,Barry Brown
543,1629244,Cameron Reynolds
544,1629730,Rayjon Tucker
545,1629860,Jon Davis
546,1629353,Isaac Humphries
547,1629724,Vic Law
548,2207,Joe Johnson
549,1629270,Todd Withers
550,1629743,Donta Hall
551,1629663,Louis King
552,1628424,Kobi Simmons
553,1629606,Robert Franks
554,1629759,Ahmed Hill
555,1628417,Jaron Blossomgame
556,1627784,Jarrod Uthoff
557,203583,Abdul Gaddy
558,1629652,Luguentz Dort
559,1629152,DeVaughn Akoon-Purcell
560,1627988,Myke Henry
561,203961,Eric Moreland
562,203460,Andre Roberson
563,1627858,Kyle Collinsworth
564,1629739,William Howard
565,203687,Reggie Hearn
566,1628578,Amida Brimah
567,1627215,Walt Lemon Jr.
568,203506,Victor Oladipo
569,203912,C.J. Wilcox
570,1629232,Kaiser Gates
571,1628999,Yante Maten
572,1626185,Jarell Martin
573,1629716,Marques Bolden
574,1628414,Sindarius Thornwell
575,1627772,Daniel Hamilton
576,1629122,J.P. Macura
577,1629685,Dylan Windler
578,1629725,Jeremiah Martin
579,1628539,Mychal Mulder
580,1628605,Dusty Hannahs
581,1629751,Dakota Mathias
582,1629689,Aric Holman
583,1628399,Tyler Lydon
584,203138,Hollis Thompson
585,1627755,Tyler Ulis
586,1629665,Jalen Lecque
587,1629826,Norense Odiase
588,1629749,David Kramer
589,1629745,Tariq Owens
590,204065,David Stockton
591,1629664,Dedric Lawson
592,1629825,Perrion Callandret
593,1628996,Sagaba Konate
594,1629121,Jaylen Adams
595,1629612,Luke Maye
596,1626147,Justin Anderson
597,1629595,Phil Booth
598,1629203,Jemerrio Jones
599,202322,John Wall
600,1629061,Deng Adel
601,1629786,John Egbunu
602,1629616,Josh Perkins
603,1629147,Joe Chealey
604,1629609,Amir Hinton
605,1629129,Trevon Bluiett
606,1629819,Yudai Baba
607,1629753,Isaiah Pineiro
608,1628450,Eric Mika
609,1629818,Jordan Murphy
610,1629623,Lindell Wigginton
611,1629615,James Palmer Jr.
612,1629097,Terry Larrier
613,1629118,Thomas Welsh
614,203461,Anthony Bennett
615,203906,Devyn Marble
616,1629755,Hassani Gravett
617,1629721,JaKeenan Gant
618,202391,Jeremy Lin
619,201975,Jodie Meeks
620,101106,Andrew Bogut
621,2733,Shaun Livingston
622,201973,Jonas Jerebko
623,202703,Nikola Mirotic
624,202328,Greg Monroe
625,101161,Amir Johnson
626,203613,Jonathon Simmons
627,202702,Kenneth Faried
628,1627824,Guerschon Yabusele
629,201967,Dante Cunningham
630,202700,Donatas Motiejunas
631,202347,Quincy Pondexter
632,202327,Ekpe Udoh
633,1626170,Jerian Grant
634,101109,Raymond Felton
635,101181,Jose Calderon
636,2585,Zaza Pachulia
637,1626780,Jonathan Gibson
638,201954,Darren Collison
639,201936,Tyreke Evans
640,202720,Jon Leuer
641,1627738,Deyonta Davis
642,2548,Dwyane Wade
643,1626210,Alan Williams
644,202714,Shelvin Mack
645,2225,Tony Parker
646,203098,John Jenkins
647,1628439,Isaiah Hicks
648,1628656,Billy Garrett
649,1627782,Wayne Selden
650,1629102,Brandon Sampson
651,1628469,Antonio Blakeney
652,1628959,Rawle Alkins
653,1628416,Tyler Dorsey
654,1627395,Julian Washburn
655,201149,Joakim Noah
656,1628393,Jawun Evans
657,1629045,Bonzie Colson
658,1717,Dirk Nowitzki
659,2734,Devin Harris
660,1626257,Salah Mejri
661,1629123,Jared Terrell
662,1628249,Mitchell Creek
663,1628463,Tyler Cavanaugh
664,201147,Corey Brewer
665,1627786,Troy Williams
666,1628070,Jordan Loyd
667,201573,Jerryd Bayless
668,1629140,Johnathan Williams
669,203546,Ian Clark
670,1629541,Dairis Bertans
671,2037,Jamal Crawford
672,202690,Jimmer Fredette
673,1626154,RJ Hunter
674,1626184,Chasson Randle
675,1626155,Sam Dekker
676,203917,Nik Stauskas
677,101112,Channing Frye
678,202362,Lance Stephenson
679,1629116,Angel Delgado
680,201585,Kosta Koufos
681,202325,Wesley Johnson
682,1628610,Cody Demps
683,203159,Scott Machado
684,201281,Andre Ingram
685,201160,Jason Smith
686,1629053,Vincent Edwards
687,203093,Terrence Jones
688,1628515,Isaiah Briscoe
689,1627816,Alex Poythress
690,1628979,Trevon Duval
691,203477,Isaiah Canaan
692,2736,Luol Deng
693,1629150,Emanuel Terry
694,203816,Scotty Hopson
695,204076,Richard Solomon
696,101162,Marcin Gortat
697,1627735,Wade Baldwin IV
698,201563,Michael Beasley
699,203518,Alex Abrines
700,1627780,Gary Payton II
701,203564,Kalin Lucas
702,203112,Quincy Acy
703,201956,Omri Casspi
704,1627781,Malachi Richardson
705,203263,James Nunnally
706,1627758,Ron Baker
707,203485,Lorenzo Brown
708,202705,MarShon Brooks
709,1628462,Milos Teodosic
710,201156,Nick Young
711,1629037,Keenan Evans
712,1628537,Jaylen Morris
713,1627855,Okaro White
714,1629155,Zach Lofton
715,1628994,George King
716,203474,DJ Stephens
717,1628387,Ike Anigbogu
718,1629093,Tyler Davis
719,2747,JR Smith
720,1627753,Zhou Qi
721,201601,Luc Mbah a Moute
722,204066,John Holland
723,2216,Zach Randolph
724,1628419,Cameron Oliver
725,1627778,Chinanu Onuaku
726,1629009,Billy Preston
727,204037,Travis Wear
728,1629050,Jeffrey Carroll
729,1629285,Angel Rodriguez
730,1629260,Tim Bond
731,1629156,Markel Crawford
732,1629078,Doral Moore
733,203130,Darius Johnson-Odom
734,1629236,Jonathan Stark
735,1629146,Zach Smith
736,1629142,Yanyuhang Ding
737,202918,Xavier Silas
738,203910,Nick Johnson
739,1629132,Braian Angola-Rodas
740,202389,Timofey Mozgov
741,203080,Thomas Robinson
742,1629190,C.J. Anderson
743,1627362,Briante Weber
744,204192,Raphiael Putney
745,1628681,Rodney Purvis
746,203950,Jarnell Stokes
747,1629352,Jeffrey Coby
748,1629131,Jairus Lyles
749,1627766,Isaiah Cousins
750,1629036,Isaac Haas
751,1627770,Kay Felder
752,101127,Jarrett Jack
753,201582,Alexis Ajinca
754,203629,Garlon Green
755,1629000,Brandon McCoy
756,202721,Darius Morris
757,202732,DeAndre Liggins
758,1628429,Charles Cooke
759,203805,Will Cherry
760,1629136,Elijah Stewart
761,1628500,Ben Moore
762,204179,Omari Johnson
763,203962,Josh Huestis
764,1629245,Nuni Omot
765,202730,Lavoy Allen
766,1629186,Tiwian Kendley
767,1629148,Johnny Hamilton
768,202388,Donald Sloan
769,1629184,Desi Rodriguez
770,203498,Shabazz Muhammad
771,203909,KJ McDaniels
772,1628576,Bryce Alford
773,1629149,Codi Miller-McIntyre
774,2731,Emeka Okafor
775,1626148,Anthony Brown
776,201600,Omer Asik
777,1628965,Jaylen Barford
778,1629145,Isaiah Wilkins
779,1626260,Levi Randolph
780,201589,Darrell Arthur
781,1629154,Rob Gray
782,1629226,Ismaila Kane
783,1629137,Joel Berry II
784,1627875,Marcus Georges-Hunt
785,1629166,Jeff Roberson
786,1629165,Nick King
787,1628444,Jabari Bird
788,1626191,Chris McCullough
789,1628503,Jamel Artis
790,202332,Cole Aldrich
791,1629005,Malik Newman
792,1629246,Tyrius Walker
793,1629159,Marcus Lee
794,1629163,Trey Lewis
795,1629167,Justin Bibbs
796,2561,David West
797,204028,Tarik Black
798,1628935,Aaron Jackson
799,2570,Kendrick Perkins
800,203499,Shane Larkin
801,202348,Jordan Crawford
802,203512,Lucas Nogueira
803,202344,Trevor Booker
804,2744,Al Jefferson
805,1626202,Joe Young
806,1891,Jason Terry
807,201943,Brandon Jennings
808,201951,Ty Lawson
809,201196,Ramon Sessions
810,2555,Nick Collison
811,1626177,Dakari Johnson
812,201166,Aaron Brooks
813,202337,Luke Babbitt
814,1938,Manu Ginobili
815,203530,Joffrey Lauvergne
816,203464,Brandon Paul
817,2210,Richard Jefferson
818,204022,Jack Cooley
819,1628502,Nigel Hayes
820,203898,Tyler Ennis
821,201596,Mario Chalmers
822,202779,Dwight Buycks
823,2749,Jameer Nelson
824,203930,Sean Kilpatrick
825,201167,Arron Afflalo
826,201578,Marreese Speights
827,1627821,James Webb III
828,202933,Julyan Stone
829,1627779,Marcus Paige
830,1628510,Andrew White III
831,1628409,Alec Peters
832,1626151,Aaron Harrison
833,1627817,Tim Quarterman
834,202379,Jeremy Evans
835,1627834,Georgios Papagiannis
836,204098,Xavier Munford
837,1627850,Marshall Plumlee
838,1626175,Jordan Mickey
839,203104,Marquis Teague
840,203580,Larry Drew II
841,1626199,Darrun Hilliard
842,1627744,Brice Johnson
843,1627835,Paul Zipser
844,1628493,Mangok Mathiang
845,203923,James Young
846,1627866,Jameel Warney
847,1628571,Erik McCree
848,1627785,Isaiah Whitehead
849,202682,Derrick Williams
850,1627856,Matt Costello
851,1628504,Xavier Rathan-Mayes
852,1627098,Malcolm Delaney
853,204067,Jarell Eddie
854,201148,Brandan Wright
855,202713,Kyle Singler
856,1626173,Rashad Vaughn
857,203590,Trey McKinney-Jones
858,203900,Markel Brown
859,1628455,Mike James
860,201177,Josh McRoberts
861,203186,Willie Reed
862,203948,Johnny O'Bryant III
863,2754,Tony Allen
864,1626242,Luis Montero
865,2863,Damien Wilkins
866,203949,James Michael McAdoo
867,201628,Bobby Brown
868,1628451,Jacob Wiley
869,203505,Vander Blue
870,1626643,Jacob Pullen
871,1628475,Matt Williams Jr.
872,203966,Jamil Wilson
873,1627762,Joel Bolomboy
874,203940,Adreian Payne
875,1626205,Vincent Hunter
876,203489,Nate Wolters
877,203481,Jeff Withey
878,1628473,Yakuba Ouattara
879,1627852,Nicolas Brussino
880,1628492,Gian Clavell
881,2746,Josh Smith
882,1627851,Mindaugas Kuzminskas
883,203141,Mirza Teletovic
884,203467,Carrick Felix
885,1628454,Mike Young
886,1628528,Ike Iroegbu
887,1628512,Matt Jones
888,1627771,Michael Gbinije
889,2757,Beno Udrih
890,201202,Joel Anthony
891,1627773,AJ Hammons
892,203183,Tony Mitchell
893,1628511,James Blackmon Jr.
894,2743,Kris Humphries
895,1628554,Isaac Hamilton
896,204014,Damjan Rudez
897,203103,Perry Jones III
898,1626146,Cliff Alexander
899,1627825,Rade Zagorac
900,1628677,Durand Scott
901,1627815,Sheldon Mac
902,203146,Maalik Wayns
903,1626165,Brandon Ashley
904,1628516,Terry Henderson
905,1628494,T.J. Williams
906,1628517,Luke Petrasek
907,204310,Davion Berry
908,1627754,Diamond Stone
909,1628575,Jaylen Johnson
910,1628460,Bronson Koenig
911,201627,Anthony Morrow
912,203462,Archie Goodwin
913,202407,Elijah Millsap
914,203187,Chris Johnson
915,1628437,George de Paula
916,204064,Akil Mitchell
917,1628496,Jeremy Senglin
918,1628679,Daniel Dixon
919,1628433,L.J. Peak
920,1626182,Jonathan Holmes
921,1628477,Landry Nnoko
922,1628491,Derek Willis
923,204002,Edy Tavares
924,203902,Semaj Christon
925,1628577,Rashawn Thomas
926,2735,Josh Childress
927,1628680,Torian Graham
928,203547,Eric Griffin
929,200766,Marcus Williams
930,203199,DeQuan Jones
931,1628453,Melo Trimble
932,1627849,Daniel Ochefu
933,1628176,LaDontae Henton
934,1628431,V.J. Beachem
935,1627757,Stephen Zimmerman
936,201575,Brandon Rush
937,203088,Kendall Marshall
938,1628514,Peter Jok
939,1628579,Taylor Braun
940,1628535,Jordan Mathews
941,162777,Georges Niang
942,202360,Andy Rautins
943,1627787,Kyle Wiltjer
944,1628452,Kennedy Meeks
945,1962937755,Paige Marcus
946,1628456,Jeremy Morgan
947,1962937827,Matt Matt
948,1628241,Devin Williams
949,1628174,Alex Hamilton
950,101114,Deron Williams
951,2563,Dahntay Jones
952,2592,James Jones
953,2440,Matt Barnes
954,101135,David Lee
955,2564,Boris Diaw
956,1718,Paul Pierce
957,101187,Alan Anderson
958,101138,Brandon Bass
959,2399,Mike Dunleavy
960,201150,Spencer Hawes
961,202708,Norris Cole
962,202338,Kevin Seraphin
963,101145,Monta Ellis
964,1626176,Rakeem Christmas
965,201941,Jordan Hill
966,1626253,Axel Toupane
967,1897,Metta World Peace
968,1627868,Patricio Garino
969,203527,Ryan Kelly
970,2034,Mike Miller
971,201579,Roy Hibbert
972,203120,Justin Hamilton
973,200751,Randy Foye
974,203094,Andrew Nicholson
975,201945,Gerald Henderson
976,1627848,Shawn Long
977,201168,Tiago Splitter
978,200771,Sergio Rodriguez
979,1626254,Maurice Ndour
980,2756,Sasha Vujacic
981,203148,Brian Roberts
982,101179,Ronnie Price
983,201228,C.J. Watson
984,202336,Larry Sanders
985,2571,Leandro Barbosa
986,202412,Manny Harris
987,201155,Rodney Stuckey
988,201962,Toney Douglas
989,202712,Justin Harper
990,1627791,Ben Bentil
991,202130,Reggie Williams
992,2449,Luis Scola
993,203934,Lamar Patterson
994,1627861,Mike Tobey
995,203492,Ray McCallum
996,201977,Marcus Thornton
997,1626273,Marcelo Huertas
998,203096,Jared Sullinger
999,2760,Anderson Varejao
1000,200779,Steve Novak
1001,203510,Pierre Jackson
1002,202390,Gary Neal
1003,202087,Alonzo Gee
1004,101249,John Lucas III
1005,202620,Arinze Onuaku
1006,1627879,Nicolas Laprovittola
1007,2365,Chris Andersen
1008,200770,Jordan Farmar
1009,202349,Greivis Vasquez
1010,203105,Festus Ezeli
1011,203511,Grant Jerrett
1012,201880,Greg Stiemsma
1013,201146,Yi Jianlian
1014,1627867,Keith Hornsby
1015,203133,Robbie Hummel
1016,203143,Pablo Prigioni
1017,203798,PJ Hairston
1018,203520,Livio Jean-Charles
1019,1627881,Rasheed Sulaimon
1020,1627768,Perry Ellis
1021,2446,Rasual Butler
1022,203315,Toure' Murry
1023,1627760,Cat Barber
1024,1628041,Vashil Fernandez
1025,203990,Drew Crawford
1026,204029,Brady Heslip
1027,1626213,Yanick Moreira
1028,203560,E.J. Singler
1029,203810,Casper Ware
1030,2547,Chris Bosh
1031,101198,Will Bynum
1032,1627843,Thomas Walkup
1033,1627873,Shawn Dawson
1034,1627880,Quincy Ford
1035,203135,Robert Sacre
1036,200811,Lou Amundson
1037,1626160,JP Tokoto
1038,1627902,Jaleel Cousins
1039,203921,Cleanthony Early
1040,203996,Damien Inglis
1041,203156,Henry Sims
1042,202841,Cameron Jones
1043,203515,Phil Pressey
1044,202343,Elliot Williams
1045,204039,Chris Crawford
1046,203111,Orlando Johnson
1047,1626266,JJ O'Brien
1048,1626294,Jaleel Roberts
1049,1627887,Trey Freeman
1050,203928,Cory Jefferson
1051,203956,Mitch McGary
1052,1627818,Kaleb Tarczewski
1053,202874,Chris Wright
1054,203268,Jorge Gutierrez
1055,201978,Chase Budinger
1056,1627862,Beau Beech
1057,1627865,Egidijus Mockevicius
1058,1627882,Andrew Andrews
1059,201593,Nikola Pekovic
1060,1626183,Branden Dawson
1061,203122,Kevin Murphy
1062,202728,Keith Benson
1063,1627841,Stefan Jankovic
1064,203919,Jordan Adams
1065,1627886,D'Vauntes Smith-Rivera
1066,1627938,J.J. Avila
1067,1627888,Nikola Jovanovic
1068,1882,Elton Brand
1069,1627878,Nick Zeisloft
1070,202810,D.J. Kennedy
1071,201286,Eric Dawson
1072,1627811,Zach Auguste
1073,1627829,Julian Jacobs
1074,2748,Dorell Wright
1075,1627836,Gracin Bakumanya
1076,1627496,Derek Cooke Jr.
1077,1627765,Elgin Cook
1078,1627954,Scott Wood
1079,203100,Tony Wroten
1080,203142,Chris Copeland
1081,2590,Mo Williams
1082,1737,Nazr Mohammed
1083,201574,Jason Thompson
1084,2405,Amar'e Stoudemire
1085,1495,Tim Duncan
1086,2755,Kevin Martin
1087,1889,Andre Miller
1088,2549,Chris Kaman
1089,2550,Kirk Hinrich
1090,201946,Tyler Hansbrough
1091,201965,Jeff Ayres
1092,202726,Andrew Goudelock
1093,101111,Charlie Villanueva
1094,2581,Steve Blake
1095,202341,James Anderson
1096,1626251,Duje Dukan
1097,2406,Caron Butler
1098,202353,Tibor Pleiss
1099,977,Kobe Bryant
1100,203955,Bryce Cotton
1101,202706,Jordan Hamilton
1102,202962,Greg Smith
1103,2419,Tayshaun Prince
1104,203963,Shayne Whittington
1105,2588,Matt Bonner
1106,201171,Carl Landry
1107,201581,JJ Hickson
1108,2400,Drew Gooden
1109,201619,Sasha Kaun
1110,203508,Sergey Karasev
1111,203946,Cameron Bairstow
1112,200797,Ryan Hollins
1113,201603,Sonny Weems
1114,203099,Jared Cunningham
1115,1627293,Alex Stepheson
1116,1626262,Coty Clarke
1117,201564,O.J. Mayo
1118,1626214,Bryce Dejean-Jones
1119,201971,DeJuan Blair
1120,203475,Erick Green
1121,200745,Andrea Bargnani
1122,203951,Keith Appling
1123,708,Kevin Garnett
1124,203123,Kostas Papanikolaou
1125,203893,Russ Smith
1126,101236,Chuck Hayes
1127,101126,Nate Robinson
1128,1626288,Joshua Smith
1129,203529,Arsalan Kazemi
1130,1626269,Denzel Livingston
1131,1626217,Chris Walker
1132,1626285,Kleon Penn
1133,204289,Nick Wiggins
1134,201645,Tre Kelley
1135,204222,Greg Whittington
1136,1627322,Bo McCalebb
1137,202399,Jeff Adrien
1138,200821,Yakhouba Diawara
1139,1626272,Lazeric Jones
1140,1627258,Sampson Carter
1141,1626295,Nnanna Egwu
1142,2853,Earl Barron
1143,101122,Danny Granger
1144,202725,Josh Harrellson
1145,204189,Jaron Johnson
1146,1626252,Michale Kyser
1147,204040,Ronald Roberts Jr.
1148,1626263,Shannon Scott
1149,203128,Furkan Aldemir
1150,203959,Scottie Wilbekin
1151,1626258,Corey Walden
1152,1626279,Jason Washburn
1153,1626280,Sam Thompson
1154,203927,CJ Fair
1155,1627292,Kadeem Jack
1156,1626201,Wesley Saunders
1157,201969,DaJuan Summers
1158,1626276,Darion Atkins
1159,1626275,Travis Trice II
1160,202464,Devin Sweetney
1161,203569,Chris Babb
1162,202333,Xavier Henry
1163,1627224,Chris Udofia
1164,203913,Jabari Brown
1165,202820,Jarrid Famous
1166,2223,Samuel Dalembert
1167,1626189,Terran Petteway
1168,203947,Jordan Bachynski
1169,201858,Cartier Martin
1170,203519,Adonis Thomas
1171,201604,Chris Douglas-Roberts
1172,203929,Melvin Ejim
1173,204136,Marcus Simmons
1174,202068,Marcus Landry
1175,2694,Josh Powell
1176,1626208,Keifer Sykes
1177,203472,Deshaun Thomas
1178,204075,Talib Zanna
1179,1626180,Michael Qualls
1180,1626190,Dez Wells
1181,1626193,Robert Upshaw
1182,1626270,Will Cummings
1183,202719,Jeremy Tyler
1184,202091,Dionte Christmas
1185,201948,Austin Daye
1186,1626305,Nick Minnerath
1187,1626207,Ryan Boatright
1188,202808,Chris Daniels
1189,203113,Quincy Miller
1190,1626304,Youssou Ndoye
1191,200762,Oleksiy Pecherov
1192,1626186,Corey Hawkins
1193,202419,Chris Johnson
1194,1626219,Juwan Staten
1195,1626271,Kyle Casey
1196,202358,Terrico White
1197,202394,Matt Janning
1198,2732,Ben Gordon
1199,1626289,Marshall Henderson
1200,1626290,Corey Webster
1201,202366,Jerome Jordan
1202,202815,Jake Anderson
1203,202513,Stefhon Hannah
1204,101110,Martell Webster
1205,1626293,Edgar Sosa
1206,203502,Tony Mitchell
1207,203586,Charlie Westbrook
1208,1626281,Jon Horford
1209,1626261,Michael Holyfield
1210,2401,Nikoloz Tskitishvili
1211,2217,Brendan Haywood
1212,1890,Shawn Marion
1213,201595,Joey Dorsey
1214,203544,Pero Antic
1215,201175,Glen Davis
1216,201991,Lester Hudson
1217,2045,Hedo Turkoglu
1218,201979,Nick Calathes
1219,201947,Earl Clark
1220,200777,Joel Freeland
1221,203108,Bernard James
1222,2222,Gerald Wallace
1223,203540,Gigi Datome
1224,202361,Landry Fields
1225,2584,Willie Green
1226,2557,Luke Ridnour
1227,2501,Reggie Evans
1228,2430,Carlos Boozer
1229,203479,Jamaal Franklin
1230,201611,Henry Walker
1231,204054,Zoran Dragic
1232,2202,Jason Richardson
1233,200761,Shawne Williams
1234,203495,Ricky Ledo
1235,203106,Jeffery Taylor
1236,101131,Jason Maxiell
1237,202077,Jerel McNeal
1238,204021,Sim Bhullar
1239,204033,David Wear
1240,101183,Shavlik Randolph
1241,201985,AJ Price
1242,203144,Alexey Shved
1243,203968,Jerrelle Benimon
1244,202952,Malcolm Thomas
1245,2422,John Salmons
1246,201964,Victor Claver
1247,2030,Kenyon Martin
1248,203958,Andre Dawkins
1249,203136,Ognjen Kuzmic
1250,200748,Tyrus Thomas
1251,203545,Miroslav Raduljica
1252,203945,Alex Kirk
1253,203561,Brandon Davies
1254,203565,Patrick Christopher
1255,2457,Jannero Pargo
1256,101142,Ronny Turiaf
1257,203539,Gal Mekel
1258,101128,Francisco Garcia
1259,202723,Malcolm Lee
1260,204079,Drew Gordon
1261,203942,Patric Young
1262,2742,Sebastian Telfair
1263,200769,Shannon Brown
1264,1905,Andrei Kirilenko
1265,203318,Glen Rice
1266,203517,Nemanja Nedovic
1267,204026,Brock Motum
1268,203197,Diante Garrett
1269,203905,Aaron Craft
1270,2574,Jason Kapono
1271,204030,Mitchell Watt
1272,201234,Trey Johnson
1273,203964,Roscoe Smith
1274,959,Steve Nash
1275,204080,Geron Johnson
1276,2566,Travis Outlaw
1277,203117,Doron Lamb
1278,201274,Ivan Johnson
1279,202698,Chris Singleton
1280,203965,Justin Cobbs
1281,203193,Dallas Lauderdale
1282,204041,Brian Qvale
1283,203102,Arnett Moultrie
1284,201189,Aaron Gray
1285,203158,Kevin Jones
1286,203149,Micheal Eric
1287,204027,Josh Davis
1288,202197,Shane Edwards
1289,203543,Vitor Faverani
1290,203513,Erik Murphy
1291,204024,Christian Watford
1292,202345,Damion James
1293,2788,DJ Mbenga
1294,204044,Orlando Sanchez
1295,204077,Michael Jenkins
1296,204053,Shawn Jones
1297,201173,Marcus Williams
1298,202354,Dexter Pittman
1299,204078,Yuki Togashi
1300,201178,Kyrylo Fesenko
1301,202550,Josh Bostic
1302,2567,Brian Cook
1303,201934,Hasheem Thabeet
1304,204071,Stephen Holt
1305,200780,Solomon Jones
1306,203907,Deonte Burton
1307,202731,Vernon Macklin
1308,204063,Kadeem Batts
1309,203491,Peyton Siva
1310,203162,Ben Hansbrough
1311,204061,Joe Jackson
1312,204062,Casey Prather
1313,202350,Daniel Orton
1314,203480,James Southerland
1315,203119,Kim English
1316,204034,Luke Hancock
1317,203551,Dee Bost
1318,2586,Keith Bogans
1319,202363,Jarvis Varnado
1320,1740,Rashard Lewis
1321,951,Ray Allen
1322,2203,Shane Battier
1323,201141,Greg Oden
1324,965,Derek Fisher
1325,1733,Al Harrington
1326,2248,Earl Watson
1327,101154,Andray Blatche
1328,2215,Jason Collins
1329,201986,Nando De Colo
1330,979,Jermaine O'Neal
1331,200756,Hilton Armstrong
1332,200758,Ronnie Brewer
1333,2229,Mike James
1334,201591,DJ White
1335,202686,Jan Vesely
1336,201576,Anthony Randolph
1337,201957,Byron Mullens
1338,2408,Melvin Ely
1339,201785,Othyus Jeffers
1340,203129,Tornike Shengelia
1341,203091,Royce White
1342,201203,Mustafa Shakur
1343,101115,Andrew Bynum
1344,201953,Eric Maynor
1345,2740,Andris Biedrins
1346,203139,Viacheslav Kravtsov
1347,202970,Gustavo Ayon
1348,1712,Antawn Jamison
1349,1497,Chauncey Billups
1350,2427,Roger Mason Jr.
1351,2767,Royal Ivey
1352,203116,Tyshawn Taylor
1353,1536,Stephen Jackson
1354,101155,Ryan Gomes
1355,202380,Hamady Ndiaye
1356,203147,Chris Smith
1357,200839,Mike Harris
1358,203548,Elias Harris
1359,2198,Kwame Brown
1360,2224,Jamaal Tinsley
1361,201187,Dominic McGuire
1362,203126,Kris Joseph
1363,202148,Mickell Gladness
1364,203528,Romero Osby
1365,201966,Jermaine Taylor
1366,203483,Kenny Kadji
1367,2205,DeSagana Diop
1368,200822,Pops Mensah-Bonsu
1369,203466,CJ Leslie
1370,101113,Ike Diogu
1371,203579,Khalif Wyatt
1372,203576,Rodney Williams
1373,203577,Carlos Morais
1374,202070,Tony Gaffney
1375,202371,Gani Lawal
1376,101211,Stephen Graham
1377,2857,Andre Barrett
1378,203568,Damen Bell-Holter
1379,202518,Kammron Taylor
1380,203327,Daniel Nwaelele
1381,203588,Michael Lee
1382,202365,Devin Ebanks
1383,203097,Fab Melo
1384,203566,Mickey McConnell
1385,200764,Renaldo Balkman
1386,200753,Patrick O'Bryant
1387,203262,Mac Koshwal
1388,203587,Courtney Fells
1389,201814,Gary Forbes
1390,203556,Trent Lockett
1391,101217,D'or Fischer
1392,203589,Olek Czyz
1393,203176,Kyle Fogg
1394,1894,Corey Maggette
1395,202408,Marcus Cousin
1396,203509,Myck Kabongo
1397,2060,Marko Jaric
1398,201351,Ron Howard
1399,202586,DeShawn Sims
1400,203494,Richard Howell
1401,101204,Dwayne Jones
1402,201635,Brandon Heath
1403,203558,David Lighty
1404,202351,Lazar Hayward
1405,203201,Mustapha Farrakhan
1406,202420,Eric Boateng
1407,2429,Dan Gadzuric
1408,1503,Tracy McGrady
1409,201970,Sam Young
1410,436,Juwan Howard
1411,2039,Keyon Dooling
1412,201590,Donte Greene
1413,467,Jason Kidd
1414,948,Marcus Camby
1415,2047,Quentin Richardson
1416,1888,Richard Hamilton
1417,201161,Daequan Cook
1418,2209,Vladimir Radmanovic
1419,200778,James White
1420,711,Jerry Stackhouse
1421,101130,Johan Petro
1422,2052,DeShawn Stevenson
1423,203317,Tim Ohlbrecht
1424,1885,Lamar Odom
1425,255,Grant Hill
1426,201944,Terrence Williams
1427,2404,Chris Wilcox
1428,2568,Carlos Delfino
1429,2605,Marquis Daniels
1430,2768,Chris Duhon
1431,2562,Sasha Pavlovic
1432,2407,Jared Jeffries
1433,202701,Nolan Smith
1434,201632,Hamed Haddadi
1435,2038,Joel Przybilla
1436,101153,Mickael Gelabale
1437,202227,Terrel Harris
1438,203006,Josh Akognon
1439,202724,Charles Jenkins
1440,200789,Daniel Gibson
1441,200809,Chris Quinn
1442,101132,Linas Kleiza
1443,2554,Mickael Pietrus
1444,739,Rasheed Wallace
1445,2575,Luke Walton
1446,202458,Justin Dentmon
1447,202951,Jeremy Pargo
1448,203203,Chris Wright
1449,201958,Rodrigue Beaubois
1450,703,Kurt Thomas
1451,202727,Travis Leslie
1452,202346,Dominique Jones
1453,202545,Luke Zeller
1454,101124,Hakim Warrick
1455,202715,Tyler Honeycutt
1456,202729,Josh Selby
1457,202396,Samardo Samuels
1458,2572,Josh Howard
1459,202809,Cory Higgins
1460,2211,Troy Murphy
1461,2545,Darko Milicic
1462,2679,Matt Carroll
1463,101215,Will Conroy
1464,200750,Brandon Roy
1465,202376,Luke Harangody
1466,2201,Eddy Curry
1467,202707,JaJuan Johnson
1468,203160,Steven Gray
1469,201169,Alando Tucker
1470,2436,Flip Murray
1471,2648,Ronald Dupree
1472,202392,Marqus Blakely
1473,203180,Hank Thorns
1474,200760,Rodney Carney
1475,2753,Delonte West
1476,203157,John Shurna
1477,202814,Mychel Thompson
1478,203206,Ryan Allen
1479,203185,Carlon Brown
1480,203164,Lance Goulbourne
1481,200814,Tarence Kinsey
1482,200747,Adam Morrison
1483,201207,Coby Karl
1484,203192,Demonte Harper
1485,201616,Darnell Jackson
1486,201610,Trent Plaisted
1487,203190,Micah Downs
1488,201633,Rob Kurz
1489,203204,Devin Searcy
1490,202356,Armon Johnson
1491,201974,Derrick Brown
1492,101158,Orien Greene
1493,201336,Blake Ahearn
1494,203155,Oscar Bellfield
1495,202417,Stephen Dennis
1496,202075,Luke Nevill
1497,202178,Sundiata Gaines
1498,202374,Solomon Alabi
1499,201993,Robert Dozier
1500,201938,Jonny Flynn
1501,201602,Kyle Weaver
1502,203195,Michael Dunigan
1503,203163,Carleton Scott
1504,201651,James Mays
1505,1853,Anthony Carter
1506,203191,Josh Akognon
1507,2109,Eddie Gill
1508,201041,Walker Russell
1509,203153,Reeves Nelson
1510,203196,Ronnie Aguilar
1511,202446,Jamar Smith
1512,202386,Ben Uzoh
1513,203178,Wesley Witherspoon
1514,2765,Andre Emmett
1515,203154,Greg Somogyi
1516,202221,Brian Butch
1517,201821,Trey Gilder
1518,203174,Tyler Wilkerson
1519,201291,Carldell Johnson
1520,200894,Isma'il Muhammad
1521,101235,Kelenna Azubuike
1522,203198,Kevin Anderson
1523,201157,Sean Williams
1524,1499,Tony Battie
1525,202342,Craig Brackins
1526,2250,Bobby Simmons
1527,202717,Trey Thompkins
1528,2240,Gilbert Arenas
1529,2243,Brian Scalabrine
1530,956,Erick Dampier
1531,201963,Christian Eyenga
1532,1710,Mike Bibby
1533,101144,Von Wafer
1534,1952,Raja Bell
1535,1884,Baron Davis
1536,2073,Brian Cardinal
1537,202406,Jerome Dyson
1538,201208,Darryl Watkins
1539,202622,Courtney Fortson
1540,202067,Diamon Simpson
1541,202716,Jordan Williams
1542,200749,Shelden Williams
1543,2048,Jamaal Magloire
1544,201182,Derrick Byars
1545,1630,Mikki Moore
1546,200783,Craig Smith
1547,1802,Brad Miller
1548,1515,Anthony Parker
1549,200081,Jamario Moon
1550,201165,Morris Almond
1551,101189,James Singleton
1552,2230,Maurice Evans
1553,201972,Jon Brockman
1554,1112,Ben Wallace
1555,2072,Michael Redd
1556,1863,Earl Boykins
1557,201164,Rudy Fernandez
1558,201623,Semih Erden
1559,202862,Dennis Horner
1560,2059,Eduardo Najera
1561,202775,Edwin Ubiles
1562,202536,Jerry Smith
1563,2804,Andres Nocioni
1564,202880,Jeff Foote
1565,1902,Jeff Foster
1566,2246,Mehmet Okur
1567,202385,Ryan Reid
1568,2551,T.J. Ford
1569,1922,Francisco Elson
1570,2668,Josh Davis
1571,1716,Larry Hughes
1572,202082,Larry Owens
1573,202359,Darington Hobson
1574,202081,Garret Siler
1575,1730,Brian Skinner
1576,202375,Magnum Rolle
1577,202377,Pape Sy
1578,202872,Durrell Summers
1579,201981,Taylor Griffin
1580,1719,Bonzi Wells
1581,202912,Frank Hassell
1582,202904,Gilbert Brown
1583,2441,Jamal Sampson
1584,2552,Michael Sweetney
1585,201594,Walter Sharpe
1586,101209,Devin Green
1587,2137,Ime Udoka
1588,1962936495,Damien Wilkins
1589,122683568,Vernon Macklin
1590,202418,Matt Rogers
1591,202792,Tyren Johnson
1592,202957,Drew Neitzel
1593,202963,Jerome Randle
1594,201647,Marcus Hubbard
1595,202217,Jeremy Wise
1596,201191,JamesOn Curry
1597,200852,Antoine Hood
1598,201230,Doug Thomas
1599,202956,Gary Flowers
1600,202961,Julian Khazzouh
1601,2773,Tim Pickett
1602,202959,Tommy Mitchell
1603,2596,Tommy Smith
1604,202935,Adrian Oliver
1605,202797,Lawrence Hill
1606,201266,Brian Hamilton
1607,202770,Tristan Thompson
1608,1962936483,Jan Vesely
1609,1962936489,Brian Skinner
1610,201820,Josh Davis
1611,2431,David Andersen
1612,201792,Moses Ehambe
1613,202175,Darnell Lazare
1614,978,Peja Stojakovic
1615,2067,Eddie House
1616,980,Zydrunas Ilgauskas
1617,200796,Leon Powe
1618,2420,Nenad Krstic
1619,2306,Carlos Arroyo
1620,406,Shaquille O'Neal
1621,693,Joe Smith
1622,686,Antonio McDyess
1623,2124,Malik Allen
1624,201607,Patrick Ewing
1625,1498,Antonio Daniels
1626,2041,Etan Thomas
1627,689,Theo Ratliff
1628,201154,Al Thornton
1629,2294,Charlie Bell
1630,202378,Willie Warren
1631,202220,Zabian Dowdell
1632,202382,Derrick Caracter
1633,200817,Pooh Jeter
1634,201238,Mario West
1635,201153,Julian Wright
1636,1899,James Posey
1637,2443,Darius Songaila
1638,101121,Joey Graham
1639,201151,Acie Law
1640,2624,Quinton Ross
1641,2260,Jarron Collins
1642,101129,Luther Head
1643,1715,Jason Williams
1644,1752,Sean Marks
1645,202395,Sherron Collins
1646,101214,Jawad Williams
1647,2050,Morris Peterson
1648,101120,Antoine Wright
1649,2556,Marcus Banks
1650,200772,Maurice Ager
1651,2397,Yao Ming
1652,101177,Fabricio Oberto
1653,201998,Curtis Jerrells
1654,201570,Joe Alexander
1655,201186,Stephane Lasme
1656,2032,Darius Miles
1657,201199,DJ Strawberry
1658,201183,Adam Haluska
1659,200793,Dee Brown
1660,201649,Vernon Hamilton
1661,202404,Drew Naymick
1662,101223,Aaron Miles
1663,202074,Raymond Sykes
1664,202238,Kenny Hasbrouck
1665,202410,Evan Brock
1666,202409,Ricardo Marsh
1667,202411,Richard Delk
1668,202383,Stanley Robinson
1669,202423,Chris Kramer
1670,202421,Ryan Thompson
1671,201193,Demetris Nichols
1672,101232,Roger Powell
1673,2078,Jason Hart
1674,201620,James Gist
1675,201159,Javaris Crittenton
1676,200984,Lance Allred
1677,202213,Connor Atchley
1678,201621,Joe Crawford
1679,201848,Longar Longar
1680,202402,Kevin Palmer
1681,202079,Antonio Anderson
1682,202393,Vernon Goodridge
1683,1088,Chucky Atkins
1684,202400,Anthony Mason
1685,2739,Luke Jackson
1686,2063,Jake Voskuhl
1687,202416,Jon Scheyer
1688,2632,Kirk Penney
1689,202132,Cedric Jackson
1690,1903,Kenny Thomas
1691,244,Dee Brown
1692,200792,Alexander Johnson
1693,2254,Loren Woods
1694,714,Michael Finley
1695,1533,Anthony Johnson
1696,201043,Randolph Morris
1697,2056,Primoz Brezec
1698,1563,Kevin Ollie
1699,201181,Chris Richard
1700,2484,Devin Brown
1701,101143,Travis Diener
1702,201592,J.R. Giddens
1703,1886,Jonathan Bender
1704,1725,Rasho Nesterovic
1705,200776,Mardy Collins
1706,201805,Chris Hunter
1707,1904,Devean George
1708,200767,Josh Boone
1709,2239,Trenton Hassell
1710,201802,Oliver Lafayette
1711,101118,Sean May
1712,201612,Malik Hairston
1713,2553,Jarvis Hayes
1714,1502,Adonal Foyle
1715,201605,Nathan Jawai
1716,2212,Steven Hunter
1717,1747,Rafer Alston
1718,947,Allen Iverson
1719,1729,Ricky Davis
1720,283,Lindsey Hunter
1721,2049,Speedy Claxton
1722,1501,Tim Thomas
1723,2409,Marcus Haislip
1724,2366,Mike Wilks
1725,201629,Othello Hunter
1726,101146,Roko Ukic
1727,1763,Ryan Bowen
1728,2416,Kareem Rush
1729,200781,Paul Davis
1730,2046,Desmond Mason
1731,201622,Deron Washington
1732,2669,Linton Johnson
1733,201446,Mike Taylor
1734,200807,Will Blalock
1735,200971,Dontell Jefferson
1736,2876,Jared Reiner
1737,202076,Thomas Kelati
1738,201235,Courtney Sims
1739,200813,Vincent Grier
1740,200575,Romel Beck
1741,201983,Goran Suton
1742,101194,Anthony Roberson
1743,200763,Quincy Douby
1744,201225,Carlos Powell
1745,2424,Dan Dickau
1746,200847,Brandon Bowman
1747,101208,Spencer Nelson
1748,202078,Leon Rodgers
1749,1766,Maceo Baston
1750,201781,Russell Robinson
1751,202065,Shaun Pruitt
1752,101160,Lawrence Roberts
1753,200918,Rod Benson
1754,1962936250,Wesley Matthews
1755,2413,Juan Dixon
1756,1913,Michael Ruffin
1757,201648,Frank Robinson
1758,202069,Dontaye Draper
1759,202071,Michael Fey
1760,201776,David Monds
1761,201606,Sean Singletary
1762,201242,Thomas Gardner
1763,1962936270,Dionte Christmas
1764,201831,Lanny Smith
1765,201999,Warren Carter
1766,201834,Bennet Davis
1767,201646,Brian Hamilton
1768,500032,Wesley Matthews
