player_id,player_name
1626220,Royce O'Neale
202711,Bojan Bogdanovic
203497,Rudy Gobert
1628378,Donovan Mitchell
201144,Mike Conley
204060,Joe Ingles
202334,Ed Davis
201145,Jeff Green
203957,Dante Exum
1626144,Emmanuel Mudiay
1627777,Georges Niang
1628396,Tony Bradley
1628430,Nigel Williams-Goss
202699,Tobias Harris
201143,Al Horford
203954,Joel Embiid
1627788,Furkan Korkmaz
1627732,Ben Simmons
203516,James Ennis III
203118,Mike Scott
203526,Raul Neto
1629680,Matisse Thybulle
1629003,Shake Milton
203124,Kyle O'Quinn
203658,Norvel Pelle
1628995,Kevin Knox II
203944,Julius Randle
201959,Taj Gibson
1629628,RJ Barrett
1628372,Dennis Smith Jr.
201961,Wayne Ellington
1629011,Mitchell Robinson
1628422,Damyean Dotson
1626171,Bobby Portis
1629019,Allonzo Trier
1629649,Ignas Brazdeikis
1628443,Kadeem Allen
203114,Khris Middleton
203507,Giannis Antetokounmpo
201577,Robin Lopez
202083,Wesley Matthews
202339,Eric Bledsoe
1628978,Donte DiVincenzo
101141,Ersan Ilyasova
1626192,Pat Connaughton
201588,George Hill
1628391,D.J. Wilson
2594,Kyle Korver
1627733,Dragan Bender
203648,Thanasis Antetokounmpo
1627739,Kris Dunn
1628374,Lauri Markkanen
1628976,Wendell Carter Jr.
203897,Zach LaVine
203107,Tomas Satoransky
1629632,Coby White
201152,Thaddeus Young
1627853,Ryan Arcidiacono
1627756,Denzel Valentine
1629655,Daniel Gafford
1627885,Shaquille Harrison
1628436,Luke Kornet
1629622,Max Strus
203084,Harrison Barnes
202357,Nemanja Bjelica
1626158,Richaun Holmes
1627741,Buddy Hield
202709,Cory Joseph
203992,Bogdan Bogdanovic
1629713,Justin James
2772,Trevor Ariza
203473,Dewayne Dedmon
1627812,Yogi Ferrell
1628385,Harry Giles III
1629657,Kyle Guy
1628403,Caleb Swanigan
1626162,Kelly Oubre Jr.
203967,Dario Saric
1626163,Frank Kaminsky
1626164,Devin Booker
201937,Ricky Rubio
1628969,Mikal Bridges
1629660,Ty Jerome
1629661,Cameron Johnson
1628975,Jevon Carter
203382,Aron Baynes
204020,Tyler Johnson
1629059,Elie Okobo
1628970,Miles Bridges
1629023,P.J. Washington
202687,Bismack Biyombo
1628984,Devonte' Graham
1626179,Terry Rozier
201587,Nicolas Batum
203469,Cody Zeller
101107,Marvin Williams
1628370,Malik Monk
1628407,Dwayne Bacon
1626195,Willy Hernangomez
203077,Michael Kidd-Gilchrist
203933,T.J. Warren
1627734,Domantas Sabonis
1626167,Myles Turner
203087,Jeremy Lamb
1627763,Malcolm Brogdon
203200,Justin Holiday
1628988,Aaron Holiday
204456,T.J. McConnell
203926,Doug McDermott
1629048,Goga Bitadze
1628993,Alize Johnson
1628388,TJ Leaf
203524,Solomon Hill
203109,Jae Crowder
1628991,Jaren Jackson Jr.
1628415,Dillon Brooks
1626145,Tyus Jones
1629001,De'Anthony Melton
1628960,Grayson Allen
203998,Bruno Caboclo
1629741,Marko Guduric
203937,Kyle Anderson
1629634,Brandon Clarke
202685,Jonas Valanciunas
1629139,Yuta Watanabe
1629672,Eric Paschall
1626172,Kevon Looney
1626161,Willie Cauley-Stein
203922,Glenn Robinson III
202692,Alec Burks
1629065,Ky Bowman
1627737,Marquese Chriss
1629673,Jordan Poole
1629016,Omari Spellman
1628980,Jacob Evans
203110,Draymond Green
1629631,De'Andre Hunter
203953,Jabari Parker
1627745,Damian Jones
1627761,DeAndre' Bembry
1629027,Trae Young
1713,Vince Carter
203458,Alex Len
1629629,Cam Reddish
202323,Evan Turner
1627820,Tyrone Wallace
1628981,Bruno Fernando
1629164,Brandon Goodwin
202718,Chandler Parsons
202710,Jimmy Butler
1628389,Bam Adebayo
203086,Meyers Leonard
1629130,Duncan Robinson
1629134,Kendrick Nunn
201609,Goran Dragic
1626159,Justise Winslow
1629735,Chris Silva
1629639,Tyler Herro
203482,Kelly Olynyk
1627884,Derrick Jones Jr.
2617,Udonis Haslem
201949,James Johnson
203925,Joe Harris
1627752,Taurean Prince
1628386,Jarrett Allen
202066,Garrett Temple
203915,Spencer Dinwiddie
1629058,Dzanan Musa
201599,DeAndre Jordan
202697,Iman Shumpert
1628021,David Nwaba
1629033,Theo Pinson
1629651,Nicolas Claxton
1626203,Treveon Graham
203496,Robert Covington
1626157,Karl-Anthony Towns
1629633,Jarrett Culver
203952,Andrew Wiggins
201952,Jeff Teague
1629006,Josh Okogie
203894,Shabazz Napier
1628966,Keita Bates-Diop
203476,Gorgui Dieng
1628395,Jordan Bell
1629675,Naz Reid
203943,Noah Vonleh
1627827,Dorian Finney-Smith
204001,Kristaps Porzingis
203939,Dwight Powell
203501,Tim Hardaway Jr.
1629029,Luka Doncic
1626153,Delon Wright
203552,Seth Curry
1628467,Maxi Kleber
1628973,Jalen Brunson
1628382,Justin Jackson
1626246,Boban Marjanovic
200826,J.J. Barea
201584,Courtney Lee
2544,LeBron James
203076,Anthony Davis
201580,JaVale McGee
201980,Danny Green
203484,Kentavious Caldwell-Pope
1628398,Kyle Kuzma
1627936,Alex Caruso
200765,Rajon Rondo
203584,Troy Daniels
2730,Dwight Howard
201162,Jared Dudley
1626188,Quinn Cook
201942,DeMar DeRozan
200752,Rudy Gay
1627751,Jakob Poeltl
1628401,Derrick White
1627854,Bryn Forbes
1627749,Dejounte Murray
201988,Patty Mills
1626168,Trey Lyles
1629234,Drew Eubanks
201158,Marco Belinelli
1629022,Lonnie Walker IV
201960,DeMarre Carroll
1629002,Chimezie Metu
203503,Tony Snell
201933,Blake Griffin
203083,Andre Drummond
1628379,Luke Kennard
1628971,Bruce Brown
204038,Langston Galloway
201565,Derrick Rose
202693,Markieff Morris
1629004,Svi Mykhailiuk
1626174,Christian Wood
1627748,Thon Maker
204025,Tim Frazier
1629635,Sekou Doumbouya
1628390,Terrance Ferguson
201568,Danilo Gallinari
203500,Steven Adams
1628983,Shai Gilgeous-Alexander
101108,Chris Paul
203457,Nerlens Noel
203471,Dennis Schroder
1627846,Abdel Nader
1629647,Darius Bazley
1629126,Deonte Burton
1628985,Devon Hall
203488,Mike Muscala
201950,Jrue Holiday
1627742,Brandon Ingram
1626143,Jahlil Okafor
200755,JJ Redick
1628366,Lonzo Ball
1629637,Jaxson Hayes
1628404,Josh Hart
202734,E'Twaun Moore
1629740,Nicolo Melli
1629638,Nickeil Alexander-Walker
202324,Derrick Favors
1628402,Frank Jackson
1629026,Kenrich Williams
1628371,Jonathan Isaac
203932,Aaron Gordon
203920,Khem Birch
203095,Evan Fournier
1628365,Markelle Fultz
1628411,Wes Iwundu
201571,D.J. Augustin
1628964,Mo Bamba
203082,Terrence Ross
1628982,Melvin Frazier Jr.
1628518,Amile Jefferson
203705,Josh Magette
1628384,OG Anunoby
1627783,Pascal Siakam
201188,Marc Gasol
1626181,Norman Powell
1627832,Fred VanVleet
201586,Serge Ibaka
1626178,Rondae Hollis-Jefferson
1629056,Terence Davis
1628449,Chris Boucher
1629052,Oshae Brissett
1626259,Malcolm Miller
1629608,Dewan Hernandez
1629044,Shamorie Ponds
1628972,Troy Brown Jr.
1629060,Rui Hachimura
1628418,Thomas Bryant
203078,Bradley Beal
202738,Isaiah Thomas
202722,Davis Bertans
202397,Ish Smith
203895,Jordan McRae
1629067,Isaac Bonga
1629185,Chris Chiozza
101133,Ian Mahinmi
1629021,Moritz Wagner
202695,Kawhi Leonard
203090,Maurice Harkless
1627826,Ivica Zubac
202331,Paul George
201976,Patrick Beverley
101150,Lou Williams
1626149,Montrezl Harrell
203210,JaMychal Green
1629010,Jerome Robinson
1629611,Terance Mann
202335,Patrick Patterson
1628476,Derrick Walton Jr.
1629662,Mfiondu Kabengele
1627759,Jaylen Brown
1628369,Jayson Tatum
1628464,Daniel Theis
203935,Marcus Smart
202689,Kemba Walker
202683,Enes Kanter
1629684,Grant Williams
1629750,Javonte Green
202954,Brad Wanamaker
1629057,Robert Williams III
1628400,Semi Ojeleye
1629035,Carsen Edwards
1629738,Vincent Poirier
1628373,Frank Ntilikina
202694,Marcus Morris Sr.
203459,Allen Crabbe
203463,Ben McLemore
200782,P.J. Tucker
2199,Tyson Chandler
201935,James Harden
201566,Russell Westbrook
1628392,Isaiah Hartenstein
203085,Austin Rivers
1629109,Gary Clark
200757,Thabo Sefolosha
1629598,Chris Clemons
203991,Clint Capela
1628412,Frank Mason
203115,Will Barton
200794,Paul Millsap
203999,Nikola Jokic
203914,Gary Harris
1627750,Jamal Murray
203924,Jerami Grant
1627823,Juancho Hernangomez
1628420,Monte Morris
203486,Mason Plumlee
1627736,Malik Beasley
1628470,Torrey Craig
1629008,Michael Porter Jr.
1629117,Wenyen Gabriel
203504,Trey Burke
1629015,Zhaire Smith
1629671,Miye Oni
1629630,Ja Morant
203918,Rodney Hood
2546,Carmelo Anthony
202355,Hassan Whiteside
203468,CJ McCollum
203081,Damian Lillard
1629642,Nassir Little
1629014,Anfernee Simons
1627746,Skal Labissiere
203145,Kent Bazemore
1629650,Moses Brown
1626209,Mario Hezonja
1629658,Jaylen Hoard
201229,Anthony Tolliver
1627767,Cheick Diallo
203585,Rodney McGruder
200746,LaMarcus Aldridge
201572,Brook Lopez
1626224,Cedi Osman
201567,Kevin Love
202684,Tristan Thompson
1629012,Collin Sexton
1629636,Darius Garland
1626204,Larry Nance Jr.
1629645,Kevin Porter Jr.
203903,Jordan Clarkson
1628035,Alfonzo McKinnie
203521,Matthew Dellavedova
1627790,Ante Zizic
202688,Brandon Knight
1629621,Marial Shayok
202329,Al-Farouq Aminu
1627740,Henry Ellenson
1627789,Timothe Luwawu-Cabarrot
1628990,Chandler Hutchison
1626156,D'Angelo Russell
1628383,Justin Patton
1629103,Kelan Martin
1628425,Sterling Brown
1628998,Cody Martin
1627863,Danuel House Jr.
1626196,Josh Richardson
1628413,Jonah Bolden
1629752,Juwan Morgan
1629168,BJ Johnson
1629066,Rodions Kurucs
101139,CJ Miles
1629682,Tremont Waters
1629669,Jaylen Nowell
1629678,Admiral Schofield
1629620,Justin Robinson
1629028,Deandre Ayton
1629648,Jordan Bone
1629018,Gary Trent Jr.
1629640,Keldon Johnson
1629744,Matt Thomas
1628513,Naz Mitrou-Long
1628977,Hamidou Diallo
1629731,Dean Wade
1629151,Ryan Broekhoff
1629610,DaQuan Jeffries
1629742,Stanton Kidd
1629625,Justin Wright-Foreman
202696,Nikola Vucevic
1629076,Tyler Cook
1629597,Zylan Cheatham
1627982,Josh Gray
1627774,Jake Layman
1628968,Brian Bowen II
203960,JaKarr Sampson
203487,Michael Carter-Williams
1629020,Jarred Vanderbilt
1629718,Charles Brown Jr.
201583,Ryan Anderson
1626169,Stanley Johnson
1629133,Daryl Macon
202681,Kyrie Irving
1628997,Caleb Martin
1629668,Zach Norvell Jr.
1628410,Edmond Sumner
1629641,Romeo Langford
202340,Avery Bradley
1628989,Kevin Huerter
1628381,John Collins
1629644,KZ Okpala
1629162,Jordan McLaughlin
201569,Eric Gordon
1627814,Damion Lee
1629013,Landry Shamet
1629659,Talen Horton-Tucker
1627747,Caris LeVert
202330,Gordon Hayward
1629723,John Konchar
2200,Pau Gasol
1629714,Jarrell Brantley
200768,Kyle Lowry
1629017,Khyri Thomas
1628368,De'Aaron Fox
203079,Dion Waiters
203490,Otto Porter Jr.
1626187,Michael Frazier
202326,DeMarcus Cousins
1628380,Zach Collins
1628427,Vlatko Cancar
201163,Wilson Chandler
1629605,Tacko Fall
201939,Stephen Curry
1627775,Patrick McCaw
203901,Elfrid Payton
1628961,Kostas Antetokounmpo
203089,John Henson
1629726,Garrison Mathews
1628405,Johnathan Motley
1629607,Jared Harper
1628408,PJ Dozier
1629667,Jalen McDaniels
202704,Reggie Jackson
1628963,Marvin Bagley III
1629676,Isaiah Roby
1628394,Anzejs Pasecniks
1627883,Jalen Jones
1629312,Haywood Highsmith
1629746,Christ Koumadje
1627776,Isaiah Miles
1627819,Isaiah Taylor
1626166,Cameron Payne
1628421,Devin Robinson
1629962,Devin Cannady
201142,Kevin Durant
1629747,CJ Massinburg
202498,Lance Thomas
203710,C.J. Williams
101123,Gerald Green
1629070,Matur Maker
2403,Nene
1629034,Ray Spalding
1629734,Kyle Alexander
1628432,Davon Reed
1629967,Skyler Flatten
204215,Bubu Palo
1629824,Jalen Adams
1629715,Javon Bess
1628448,Kavell Bigby-Williams
203121,Darius Miller
1629627,Zion Williamson
203493,Reggie Bullock
1629722,V.J. King
1629777,Lamar Peters
1629624,Kenny Wooten
1629594,Bennie Boatwright
2738,Andre Iguodala
1628367,Josh Jackson
203101,Miles Plumlee
1628397,Ivan Rabb
1629683,Quinndary Weatherspoon
1629677,Luka Samanic
1629756,Daulton Hommes
1629719,Devontae Cacok
1627743,Demetrius Jackson
1629305,Marcus Allen
1626150,Andrew Harrison
1629800,Kavion Pippen
1629308,Juan Toscano-Anderson
1629346,Alen Smailagic
202691,Klay Thompson
1629833,Keljin Blevins
1628505,Troy Caupain
1628506,London Perrantes
203994,Jusuf Nurkic
203092,Tyler Zeller
1629626,Bol Bol
1629729,Josh Reaves
1628499,Antonius Cleveland
1629599,Amir Coffey
1629055,Donte Grantham
1629806,B.J. Taylor
1628769,Tahjere McCall
1629717,Armoni Brooks
1629094,Marcus Derrickson
1626296,Jordan Sibert
1629779,Justin Simon
1628495,Milton Doyle
1629690,Adam Mokoka
1626245,Cristiano Felicio
1629679,Simisola Shittu
1628967,Tyus Battle
1629956,Barry Brown
1629244,Cameron Reynolds
1629730,Rayjon Tucker
1629860,Jon Davis
1629353,Isaac Humphries
1629724,Vic Law
2207,Joe Johnson
1629270,Todd Withers
1629743,Donta Hall
1629663,Louis King
1628424,Kobi Simmons
1629606,Robert Franks
1629759,Ahmed Hill
1628417,Jaron Blossomgame
1627784,Jarrod Uthoff
203583,Abdul Gaddy
1629652,Luguentz Dort
1629152,DeVaughn Akoon-Purcell
1627988,Myke Henry
203961,Eric Moreland
203460,Andre Roberson
1627858,Kyle Collinsworth
1629739,William Howard
203687,Reggie Hearn
1628578,Amida Brimah
1627215,Walt Lemon Jr.
203506,Victor Oladipo
203912,C.J. Wilcox
1629232,Kaiser Gates
1628999,Yante Maten
1626185,Jarell Martin
1629716,Marques Bolden
1628414,Sindarius Thornwell
1627772,Daniel Hamilton
1629122,J.P. Macura
1629685,Dylan Windler
1629725,Jeremiah Martin
1628539,Mychal Mulder
1628605,Dusty Hannahs
1629751,Dakota Mathias
1629689,Aric Holman
1628399,Tyler Lydon
203138,Hollis Thompson
1627755,Tyler Ulis
1629665,Jalen Lecque
1629826,Norense Odiase
1629749,David Kramer
1629745,Tariq Owens
204065,David Stockton
1629664,Dedric Lawson
1629825,Perrion Callandret
1628996,Sagaba Konate
1629121,Jaylen Adams
1629612,Luke Maye
1626147,Justin Anderson
1629595,Phil Booth
1629203,Jemerrio Jones
202322,John Wall
1629061,Deng Adel
1629786,John Egbunu
1629616,Josh Perkins
1629147,Joe Chealey
1629609,Amir Hinton
1629129,Trevon Bluiett
1629819,Yudai Baba
1629753,Isaiah Pineiro
1628450,Eric Mika
1629818,Jordan Murphy
1629623,Lindell Wigginton
1629615,James Palmer Jr.
1629097,Terry Larrier
1629118,Thomas Welsh
203461,Anthony Bennett
203906,Devyn Marble
1629755,Hassani Gravett
1629721,JaKeenan Gant
202391,Jeremy Lin
201975,Jodie Meeks
101106,Andrew Bogut
2733,Shaun Livingston
201973,Jonas Jerebko
202703,Nikola Mirotic
202328,Greg Monroe
101161,Amir Johnson
203613,Jonathon Simmons
202702,Kenneth Faried
1627824,Guerschon Yabusele
201967,Dante Cunningham
202700,Donatas Motiejunas
202347,Quincy Pondexter
202327,Ekpe Udoh
1626170,Jerian Grant
101109,Raymond Felton
101181,Jose Calderon
2585,Zaza Pachulia
1626780,Jonathan Gibson
201954,Darren Collison
201936,Tyreke Evans
202720,Jon Leuer
1627738,Deyonta Davis
2548,Dwyane Wade
1626210,Alan Williams
202714,Shelvin Mack
2225,Tony Parker
203098,John Jenkins
1628439,Isaiah Hicks
1628656,Billy Garrett
1627782,Wayne Selden
1629102,Brandon Sampson
1628469,Antonio Blakeney
1628959,Rawle Alkins
1628416,Tyler Dorsey
1627395,Julian Washburn
201149,Joakim Noah
1628393,Jawun Evans
1629045,Bonzie Colson
1717,Dirk Nowitzki
2734,Devin Harris
1626257,Salah Mejri
1629123,Jared Terrell
1628249,Mitchell Creek
1628463,Tyler Cavanaugh
201147,Corey Brewer
1627786,Troy Williams
1628070,Jordan Loyd
201573,Jerryd Bayless
1629140,Johnathan Williams
203546,Ian Clark
1629541,Dairis Bertans
2037,Jamal Crawford
202690,Jimmer Fredette
1626154,RJ Hunter
1626184,Chasson Randle
1626155,Sam Dekker
203917,Nik Stauskas
101112,Channing Frye
202362,Lance Stephenson
1629116,Angel Delgado
201585,Kosta Koufos
202325,Wesley Johnson
1628610,Cody Demps
203159,Scott Machado
201281,Andre Ingram
201160,Jason Smith
1629053,Vincent Edwards
203093,Terrence Jones
1628515,Isaiah Briscoe
1627816,Alex Poythress
1628979,Trevon Duval
203477,Isaiah Canaan
2736,Luol Deng
1629150,Emanuel Terry
203816,Scotty Hopson
204076,Richard Solomon
101162,Marcin Gortat
1627735,Wade Baldwin IV
201563,Michael Beasley
203518,Alex Abrines
1627780,Gary Payton II
203564,Kalin Lucas
203112,Quincy Acy
201956,Omri Casspi
1627781,Malachi Richardson
203263,James Nunnally
1627758,Ron Baker
203485,Lorenzo Brown
202705,MarShon Brooks
1628462,Milos Teodosic
201156,Nick Young
1629037,Keenan Evans
1628537,Jaylen Morris
1627855,Okaro White
1629155,Zach Lofton
1628994,George King
203474,DJ Stephens
1628387,Ike Anigbogu
1629093,Tyler Davis
2747,JR Smith
1627753,Zhou Qi
201601,Luc Mbah a Moute
204066,John Holland
2216,Zach Randolph
1628419,Cameron Oliver
1627778,Chinanu Onuaku
1629009,Billy Preston
204037,Travis Wear
1629050,Jeffrey Carroll
1629285,Angel Rodriguez
1629260,Tim Bond
1629156,Markel Crawford
1629078,Doral Moore
203130,Darius Johnson-Odom
1629236,Jonathan Stark
1629146,Zach Smith
1629142,Yanyuhang Ding
202918,Xavier Silas
203910,Nick Johnson
1629132,Braian Angola-Rodas
202389,Timofey Mozgov
203080,Thomas Robinson
1629190,C.J. Anderson
1627362,Briante Weber
204192,Raphiael Putney
1628681,Rodney Purvis
203950,Jarnell Stokes
1629352,Jeffrey Coby
1629131,Jairus Lyles
1627766,Isaiah Cousins
1629036,Isaac Haas
1627770,Kay Felder
101127,Jarrett Jack
201582,Alexis Ajinca
203629,Garlon Green
1629000,Brandon McCoy
202721,Darius Morris
202732,DeAndre Liggins
1628429,Charles Cooke
203805,Will Cherry
1629136,Elijah Stewart
1628500,Ben Moore
204179,Omari Johnson
203962,Josh Huestis
1629245,Nuni Omot
202730,Lavoy Allen
1629186,Tiwian Kendley
1629148,Johnny Hamilton
202388,Donald Sloan
1629184,Desi Rodriguez
203498,Shabazz Muhammad
203909,KJ McDaniels
1628576,Bryce Alford
1629149,Codi Miller-McIntyre
2731,Emeka Okafor
1626148,Anthony Brown
201600,Omer Asik
1628965,Jaylen Barford
1629145,Isaiah Wilkins
1626260,Levi Randolph
201589,Darrell Arthur
1629154,Rob Gray
1629226,Ismaila Kane
1629137,Joel Berry II
1627875,Marcus Georges-Hunt
1629166,Jeff Roberson
1629165,Nick King
1628444,Jabari Bird
1626191,Chris McCullough
1628503,Jamel Artis
202332,Cole Aldrich
1629005,Malik Newman
1629246,Tyrius Walker
1629159,Marcus Lee
1629163,Trey Lewis
1629167,Justin Bibbs
2561,David West
204028,Tarik Black
1628935,Aaron Jackson
2570,Kendrick Perkins
203499,Shane Larkin
202348,Jordan Crawford
203512,Lucas Nogueira
202344,Trevor Booker
2744,Al Jefferson
1626202,Joe Young
1891,Jason Terry
201943,Brandon Jennings
201951,Ty Lawson
201196,Ramon Sessions
2555,Nick Collison
1626177,Dakari Johnson
201166,Aaron Brooks
202337,Luke Babbitt
1938,Manu Ginobili
203530,Joffrey Lauvergne
203464,Brandon Paul
2210,Richard Jefferson
204022,Jack Cooley
1628502,Nigel Hayes
203898,Tyler Ennis
201596,Mario Chalmers
202779,Dwight Buycks
2749,Jameer Nelson
203930,Sean Kilpatrick
201167,Arron Afflalo
201578,Marreese Speights
1627821,James Webb III
202933,Julyan Stone
1627779,Marcus Paige
1628510,Andrew White III
1628409,Alec Peters
1626151,Aaron Harrison
1627817,Tim Quarterman
202379,Jeremy Evans
1627834,Georgios Papagiannis
204098,Xavier Munford
1627850,Marshall Plumlee
1626175,Jordan Mickey
203104,Marquis Teague
203580,Larry Drew II
1626199,Darrun Hilliard
1627744,Brice Johnson
1627835,Paul Zipser
1628493,Mangok Mathiang
203923,James Young
1627866,Jameel Warney
1628571,Erik McCree
1627785,Isaiah Whitehead
202682,Derrick Williams
1627856,Matt Costello
1628504,Xavier Rathan-Mayes
1627098,Malcolm Delaney
204067,Jarell Eddie
201148,Brandan Wright
202713,Kyle Singler
1626173,Rashad Vaughn
203590,Trey McKinney-Jones
203900,Markel Brown
1628455,Mike James
201177,Josh McRoberts
203186,Willie Reed
203948,Johnny O'Bryant III
2754,Tony Allen
1626242,Luis Montero
2863,Damien Wilkins
203949,James Michael McAdoo
201628,Bobby Brown
1628451,Jacob Wiley
203505,Vander Blue
1626643,Jacob Pullen
1628475,Matt Williams Jr.
203966,Jamil Wilson
1627762,Joel Bolomboy
203940,Adreian Payne
1626205,Vincent Hunter
203489,Nate Wolters
203481,Jeff Withey
1628473,Yakuba Ouattara
1627852,Nicolas Brussino
1628492,Gian Clavell
2746,Josh Smith
1627851,Mindaugas Kuzminskas
203141,Mirza Teletovic
203467,Carrick Felix
1628454,Mike Young
1628528,Ike Iroegbu
1628512,Matt Jones
1627771,Michael Gbinije
2757,Beno Udrih
201202,Joel Anthony
1627773,AJ Hammons
203183,Tony Mitchell
1628511,James Blackmon Jr.
2743,Kris Humphries
1628554,Isaac Hamilton
204014,Damjan Rudez
203103,Perry Jones III
1626146,Cliff Alexander
1627825,Rade Zagorac
1628677,Durand Scott
1627815,Sheldon Mac
203146,Maalik Wayns
1626165,Brandon Ashley
1628516,Terry Henderson
1628494,T.J. Williams
1628517,Luke Petrasek
204310,Davion Berry
1627754,Diamond Stone
1628575,Jaylen Johnson
1628460,Bronson Koenig
201627,Anthony Morrow
203462,Archie Goodwin
202407,Elijah Millsap
203187,Chris Johnson
1628437,George de Paula
204064,Akil Mitchell
1628496,Jeremy Senglin
1628679,Daniel Dixon
1628433,L.J. Peak
1626182,Jonathan Holmes
1628477,Landry Nnoko
1628491,Derek Willis
204002,Edy Tavares
203902,Semaj Christon
1628577,Rashawn Thomas
2735,Josh Childress
1628680,Torian Graham
203547,Eric Griffin
200766,Marcus Williams
203199,DeQuan Jones
1628453,Melo Trimble
1627849,Daniel Ochefu
1628176,LaDontae Henton
1628431,V.J. Beachem
1627757,Stephen Zimmerman
201575,Brandon Rush
203088,Kendall Marshall
1628514,Peter Jok
1628579,Taylor Braun
1628535,Jordan Mathews
162777,Georges Niang
202360,Andy Rautins
1627787,Kyle Wiltjer
1628452,Kennedy Meeks
1962937755,Paige Marcus
1628456,Jeremy Morgan
1962937827,Matt Matt
1628241,Devin Williams
1628174,Alex Hamilton
101114,Deron Williams
2563,Dahntay Jones
2592,James Jones
2440,Matt Barnes
101135,David Lee
2564,Boris Diaw
1718,Paul Pierce
101187,Alan Anderson
101138,Brandon Bass
2399,Mike Dunleavy
201150,Spencer Hawes
202708,Norris Cole
202338,Kevin Seraphin
101145,Monta Ellis
1626176,Rakeem Christmas
201941,Jordan Hill
1626253,Axel Toupane
1897,Metta World Peace
1627868,Patricio Garino
203527,Ryan Kelly
2034,Mike Miller
201579,Roy Hibbert
203120,Justin Hamilton
200751,Randy Foye
203094,Andrew Nicholson
201945,Gerald Henderson
1627848,Shawn Long
201168,Tiago Splitter
200771,Sergio Rodriguez
1626254,Maurice Ndour
2756,Sasha Vujacic
203148,Brian Roberts
101179,Ronnie Price
201228,C.J. Watson
202336,Larry Sanders
2571,Leandro Barbosa
202412,Manny Harris
201155,Rodney Stuckey
201962,Toney Douglas
202712,Justin Harper
1627791,Ben Bentil
202130,Reggie Williams
2449,Luis Scola
203934,Lamar Patterson
1627861,Mike Tobey
203492,Ray McCallum
201977,Marcus Thornton
1626273,Marcelo Huertas
203096,Jared Sullinger
2760,Anderson Varejao
200779,Steve Novak
203510,Pierre Jackson
202390,Gary Neal
202087,Alonzo Gee
101249,John Lucas III
202620,Arinze Onuaku
1627879,Nicolas Laprovittola
2365,Chris Andersen
200770,Jordan Farmar
202349,Greivis Vasquez
203105,Festus Ezeli
203511,Grant Jerrett
201880,Greg Stiemsma
201146,Yi Jianlian
1627867,Keith Hornsby
203133,Robbie Hummel
203143,Pablo Prigioni
203798,PJ Hairston
203520,Livio Jean-Charles
1627881,Rasheed Sulaimon
1627768,Perry Ellis
2446,Rasual Butler
203315,Toure' Murry
1627760,Cat Barber
1628041,Vashil Fernandez
203990,Drew Crawford
204029,Brady Heslip
1626213,Yanick Moreira
203560,E.J. Singler
203810,Casper Ware
2547,Chris Bosh
101198,Will Bynum
1627843,Thomas Walkup
1627873,Shawn Dawson
1627880,Quincy Ford
203135,Robert Sacre
200811,Lou Amundson
1626160,JP Tokoto
1627902,Jaleel Cousins
203921,Cleanthony Early
203996,Damien Inglis
203156,Henry Sims
202841,Cameron Jones
203515,Phil Pressey
202343,Elliot Williams
204039,Chris Crawford
203111,Orlando Johnson
1626266,JJ O'Brien
1626294,Jaleel Roberts
1627887,Trey Freeman
203928,Cory Jefferson
203956,Mitch McGary
1627818,Kaleb Tarczewski
202874,Chris Wright
203268,Jorge Gutierrez
201978,Chase Budinger
1627862,Beau Beech
1627865,Egidijus Mockevicius
1627882,Andrew Andrews
201593,Nikola Pekovic
1626183,Branden Dawson
203122,Kevin Murphy
202728,Keith Benson
1627841,Stefan Jankovic
203919,Jordan Adams
1627886,D'Vauntes Smith-Rivera
1627938,J.J. Avila
1627888,Nikola Jovanovic
1882,Elton Brand
1627878,Nick Zeisloft
202810,D.J. Kennedy
201286,Eric Dawson
1627811,Zach Auguste
1627829,Julian Jacobs
2748,Dorell Wright
1627836,Gracin Bakumanya
1627496,Derek Cooke Jr.
1627765,Elgin Cook
1627954,Scott Wood
203100,Tony Wroten
203142,Chris Copeland
2590,Mo Williams
1737,Nazr Mohammed
201574,Jason Thompson
2405,Amar'e Stoudemire
1495,Tim Duncan
2755,Kevin Martin
1889,Andre Miller
2549,Chris Kaman
2550,Kirk Hinrich
201946,Tyler Hansbrough
201965,Jeff Ayres
202726,Andrew Goudelock
101111,Charlie Villanueva
2581,Steve Blake
202341,James Anderson
1626251,Duje Dukan
2406,Caron Butler
202353,Tibor Pleiss
977,Kobe Bryant
203955,Bryce Cotton
202706,Jordan Hamilton
202962,Greg Smith
2419,Tayshaun Prince
203963,Shayne Whittington
2588,Matt Bonner
201171,Carl Landry
201581,JJ Hickson
2400,Drew Gooden
201619,Sasha Kaun
203508,Sergey Karasev
203946,Cameron Bairstow
200797,Ryan Hollins
201603,Sonny Weems
203099,Jared Cunningham
1627293,Alex Stepheson
1626262,Coty Clarke
201564,O.J. Mayo
1626214,Bryce Dejean-Jones
201971,DeJuan Blair
203475,Erick Green
200745,Andrea Bargnani
203951,Keith Appling
708,Kevin Garnett
203123,Kostas Papanikolaou
203893,Russ Smith
101236,Chuck Hayes
101126,Nate Robinson
1626288,Joshua Smith
203529,Arsalan Kazemi
1626269,Denzel Livingston
1626217,Chris Walker
1626285,Kleon Penn
204289,Nick Wiggins
201645,Tre Kelley
204222,Greg Whittington
1627322,Bo McCalebb
202399,Jeff Adrien
200821,Yakhouba Diawara
1626272,Lazeric Jones
1627258,Sampson Carter
1626295,Nnanna Egwu
2853,Earl Barron
101122,Danny Granger
202725,Josh Harrellson
204189,Jaron Johnson
1626252,Michale Kyser
204040,Ronald Roberts Jr.
1626263,Shannon Scott
203128,Furkan Aldemir
203959,Scottie Wilbekin
1626258,Corey Walden
1626279,Jason Washburn
1626280,Sam Thompson
203927,CJ Fair
1627292,Kadeem Jack
1626201,Wesley Saunders
201969,DaJuan Summers
1626276,Darion Atkins
1626275,Travis Trice II
202464,Devin Sweetney
203569,Chris Babb
202333,Xavier Henry
1627224,Chris Udofia
203913,Jabari Brown
202820,Jarrid Famous
2223,Samuel Dalembert
1626189,Terran Petteway
203947,Jordan Bachynski
201858,Cartier Martin
203519,Adonis Thomas
201604,Chris Douglas-Roberts
203929,Melvin Ejim
204136,Marcus Simmons
202068,Marcus Landry
2694,Josh Powell
1626208,Keifer Sykes
203472,Deshaun Thomas
204075,Talib Zanna
1626180,Michael Qualls
1626190,Dez Wells
1626193,Robert Upshaw
1626270,Will Cummings
202719,Jeremy Tyler
202091,Dionte Christmas
201948,Austin Daye
1626305,Nick Minnerath
1626207,Ryan Boatright
202808,Chris Daniels
203113,Quincy Miller
1626304,Youssou Ndoye
200762,Oleksiy Pecherov
1626186,Corey Hawkins
202419,Chris Johnson
1626219,Juwan Staten
1626271,Kyle Casey
202358,Terrico White
202394,Matt Janning
2732,Ben Gordon
1626289,Marshall Henderson
1626290,Corey Webster
202366,Jerome Jordan
202815,Jake Anderson
202513,Stefhon Hannah
101110,Martell Webster
1626293,Edgar Sosa
203502,Tony Mitchell
203586,Charlie Westbrook
1626281,Jon Horford
1626261,Michael Holyfield
2401,Nikoloz Tskitishvili
2217,Brendan Haywood
1890,Shawn Marion
201595,Joey Dorsey
203544,Pero Antic
201175,Glen Davis
201991,Lester Hudson
2045,Hedo Turkoglu
201979,Nick Calathes
201947,Earl Clark
200777,Joel Freeland
203108,Bernard James
2222,Gerald Wallace
203540,Gigi Datome
202361,Landry Fields
2584,Willie Green
2557,Luke Ridnour
2501,Reggie Evans
2430,Carlos Boozer
203479,Jamaal Franklin
201611,Henry Walker
204054,Zoran Dragic
2202,Jason Richardson
200761,Shawne Williams
203495,Ricky Ledo
203106,Jeffery Taylor
101131,Jason Maxiell
202077,Jerel McNeal
204021,Sim Bhullar
204033,David Wear
101183,Shavlik Randolph
201985,AJ Price
203144,Alexey Shved
203968,Jerrelle Benimon
202952,Malcolm Thomas
2422,John Salmons
201964,Victor Claver
2030,Kenyon Martin
203958,Andre Dawkins
203136,Ognjen Kuzmic
200748,Tyrus Thomas
203545,Miroslav Raduljica
203945,Alex Kirk
203561,Brandon Davies
203565,Patrick Christopher
2457,Jannero Pargo
101142,Ronny Turiaf
203539,Gal Mekel
101128,Francisco Garcia
202723,Malcolm Lee
204079,Drew Gordon
203942,Patric Young
2742,Sebastian Telfair
200769,Shannon Brown
1905,Andrei Kirilenko
203318,Glen Rice
203517,Nemanja Nedovic
204026,Brock Motum
203197,Diante Garrett
203905,Aaron Craft
2574,Jason Kapono
204030,Mitchell Watt
201234,Trey Johnson
203964,Roscoe Smith
959,Steve Nash
204080,Geron Johnson
2566,Travis Outlaw
203117,Doron Lamb
201274,Ivan Johnson
202698,Chris Singleton
203965,Justin Cobbs
203193,Dallas Lauderdale
204041,Brian Qvale
203102,Arnett Moultrie
201189,Aaron Gray
203158,Kevin Jones
203149,Micheal Eric
204027,Josh Davis
202197,Shane Edwards
203543,Vitor Faverani
203513,Erik Murphy
204024,Christian Watford
202345,Damion James
2788,DJ Mbenga
204044,Orlando Sanchez
204077,Michael Jenkins
204053,Shawn Jones
201173,Marcus Williams
202354,Dexter Pittman
204078,Yuki Togashi
201178,Kyrylo Fesenko
202550,Josh Bostic
2567,Brian Cook
201934,Hasheem Thabeet
204071,Stephen Holt
200780,Solomon Jones
203907,Deonte Burton
202731,Vernon Macklin
204063,Kadeem Batts
203491,Peyton Siva
203162,Ben Hansbrough
204061,Joe Jackson
204062,Casey Prather
202350,Daniel Orton
203480,James Southerland
203119,Kim English
204034,Luke Hancock
203551,Dee Bost
2586,Keith Bogans
202363,Jarvis Varnado
1740,Rashard Lewis
951,Ray Allen
2203,Shane Battier
201141,Greg Oden
965,Derek Fisher
1733,Al Harrington
2248,Earl Watson
101154,Andray Blatche
2215,Jason Collins
201986,Nando De Colo
979,Jermaine O'Neal
200756,Hilton Armstrong
200758,Ronnie Brewer
2229,Mike James
201591,DJ White
202686,Jan Vesely
201576,Anthony Randolph
201957,Byron Mullens
2408,Melvin Ely
201785,Othyus Jeffers
203129,Tornike Shengelia
203091,Royce White
201203,Mustafa Shakur
101115,Andrew Bynum
201953,Eric Maynor
2740,Andris Biedrins
203139,Viacheslav Kravtsov
202970,Gustavo Ayon
1712,Antawn Jamison
1497,Chauncey Billups
2427,Roger Mason Jr.
2767,Royal Ivey
203116,Tyshawn Taylor
1536,Stephen Jackson
101155,Ryan Gomes
202380,Hamady Ndiaye
203147,Chris Smith
200839,Mike Harris
203548,Elias Harris
2198,Kwame Brown
2224,Jamaal Tinsley
201187,Dominic McGuire
203126,Kris Joseph
202148,Mickell Gladness
203528,Romero Osby
201966,Jermaine Taylor
203483,Kenny Kadji
2205,DeSagana Diop
200822,Pops Mensah-Bonsu
203466,CJ Leslie
101113,Ike Diogu
203579,Khalif Wyatt
203576,Rodney Williams
203577,Carlos Morais
202070,Tony Gaffney
202371,Gani Lawal
101211,Stephen Graham
2857,Andre Barrett
203568,Damen Bell-Holter
202518,Kammron Taylor
203327,Daniel Nwaelele
203588,Michael Lee
202365,Devin Ebanks
203097,Fab Melo
203566,Mickey McConnell
200764,Renaldo Balkman
200753,Patrick O'Bryant
203262,Mac Koshwal
203587,Courtney Fells
201814,Gary Forbes
203556,Trent Lockett
101217,D'or Fischer
203589,Olek Czyz
203176,Kyle Fogg
1894,Corey Maggette
202408,Marcus Cousin
203509,Myck Kabongo
2060,Marko Jaric
201351,Ron Howard
202586,DeShawn Sims
203494,Richard Howell
101204,Dwayne Jones
201635,Brandon Heath
203558,David Lighty
202351,Lazar Hayward
203201,Mustapha Farrakhan
202420,Eric Boateng
2429,Dan Gadzuric
1503,Tracy McGrady
201970,Sam Young
436,Juwan Howard
2039,Keyon Dooling
201590,Donte Greene
467,Jason Kidd
948,Marcus Camby
2047,Quentin Richardson
1888,Richard Hamilton
201161,Daequan Cook
2209,Vladimir Radmanovic
200778,James White
711,Jerry Stackhouse
101130,Johan Petro
2052,DeShawn Stevenson
203317,Tim Ohlbrecht
1885,Lamar Odom
255,Grant Hill
201944,Terrence Williams
2404,Chris Wilcox
2568,Carlos Delfino
2605,Marquis Daniels
2768,Chris Duhon
2562,Sasha Pavlovic
2407,Jared Jeffries
202701,Nolan Smith
201632,Hamed Haddadi
2038,Joel Przybilla
101153,Mickael Gelabale
202227,Terrel Harris
203006,Josh Akognon
202724,Charles Jenkins
200789,Daniel Gibson
200809,Chris Quinn
101132,Linas Kleiza
2554,Mickael Pietrus
739,Rasheed Wallace
2575,Luke Walton
202458,Justin Dentmon
202951,Jeremy Pargo
203203,Chris Wright
201958,Rodrigue Beaubois
703,Kurt Thomas
202727,Travis Leslie
202346,Dominique Jones
202545,Luke Zeller
101124,Hakim Warrick
202715,Tyler Honeycutt
202729,Josh Selby
202396,Samardo Samuels
2572,Josh Howard
202809,Cory Higgins
2211,Troy Murphy
2545,Darko Milicic
2679,Matt Carroll
101215,Will Conroy
200750,Brandon Roy
202376,Luke Harangody
2201,Eddy Curry
202707,JaJuan Johnson
203160,Steven Gray
201169,Alando Tucker
2436,Flip Murray
2648,Ronald Dupree
202392,Marqus Blakely
203180,Hank Thorns
200760,Rodney Carney
2753,Delonte West
203157,John Shurna
202814,Mychel Thompson
203206,Ryan Allen
203185,Carlon Brown
203164,Lance Goulbourne
200814,Tarence Kinsey
200747,Adam Morrison
201207,Coby Karl
203192,Demonte Harper
201616,Darnell Jackson
201610,Trent Plaisted
203190,Micah Downs
201633,Rob Kurz
203204,Devin Searcy
202356,Armon Johnson
201974,Derrick Brown
101158,Orien Greene
201336,Blake Ahearn
203155,Oscar Bellfield
202417,Stephen Dennis
202075,Luke Nevill
202178,Sundiata Gaines
202374,Solomon Alabi
201993,Robert Dozier
201938,Jonny Flynn
201602,Kyle Weaver
203195,Michael Dunigan
203163,Carleton Scott
201651,James Mays
1853,Anthony Carter
203191,Josh Akognon
2109,Eddie Gill
201041,Walker Russell
203153,Reeves Nelson
203196,Ronnie Aguilar
202446,Jamar Smith
202386,Ben Uzoh
203178,Wesley Witherspoon
2765,Andre Emmett
203154,Greg Somogyi
202221,Brian Butch
201821,Trey Gilder
203174,Tyler Wilkerson
201291,Carldell Johnson
200894,Isma'il Muhammad
101235,Kelenna Azubuike
203198,Kevin Anderson
201157,Sean Williams
1499,Tony Battie
202342,Craig Brackins
2250,Bobby Simmons
202717,Trey Thompkins
2240,Gilbert Arenas
2243,Brian Scalabrine
956,Erick Dampier
201963,Christian Eyenga
1710,Mike Bibby
101144,Von Wafer
1952,Raja Bell
1884,Baron Davis
2073,Brian Cardinal
202406,Jerome Dyson
201208,Darryl Watkins
202622,Courtney Fortson
202067,Diamon Simpson
202716,Jordan Williams
200749,Shelden Williams
2048,Jamaal Magloire
201182,Derrick Byars
1630,Mikki Moore
200783,Craig Smith
1802,Brad Miller
1515,Anthony Parker
200081,Jamario Moon
201165,Morris Almond
101189,James Singleton
2230,Maurice Evans
201972,Jon Brockman
1112,Ben Wallace
2072,Michael Redd
1863,Earl Boykins
201164,Rudy Fernandez
201623,Semih Erden
202862,Dennis Horner
2059,Eduardo Najera
202775,Edwin Ubiles
202536,Jerry Smith
2804,Andres Nocioni
202880,Jeff Foote
1902,Jeff Foster
2246,Mehmet Okur
202385,Ryan Reid
2551,T.J. Ford
1922,Francisco Elson
2668,Josh Davis
1716,Larry Hughes
202082,Larry Owens
202359,Darington Hobson
202081,Garret Siler
1730,Brian Skinner
202375,Magnum Rolle
202377,Pape Sy
202872,Durrell Summers
201981,Taylor Griffin
1719,Bonzi Wells
202912,Frank Hassell
202904,Gilbert Brown
2441,Jamal Sampson
2552,Michael Sweetney
201594,Walter Sharpe
101209,Devin Green
2137,Ime Udoka
1962936495,Damien Wilkins
122683568,Vernon Macklin
202418,Matt Rogers
202792,Tyren Johnson
202957,Drew Neitzel
202963,Jerome Randle
201647,Marcus Hubbard
202217,Jeremy Wise
201191,JamesOn Curry
200852,Antoine Hood
201230,Doug Thomas
202956,Gary Flowers
202961,Julian Khazzouh
2773,Tim Pickett
202959,Tommy Mitchell
2596,Tommy Smith
202935,Adrian Oliver
202797,Lawrence Hill
201266,Brian Hamilton
202770,Tristan Thompson
1962936483,Jan Vesely
1962936489,Brian Skinner
201820,Josh Davis
2431,David Andersen
201792,Moses Ehambe
202175,Darnell Lazare
978,Peja Stojakovic
2067,Eddie House
980,Zydrunas Ilgauskas
200796,Leon Powe
2420,Nenad Krstic
2306,Carlos Arroyo
406,Shaquille O'Neal
693,Joe Smith
686,Antonio McDyess
2124,Malik Allen
201607,Patrick Ewing
1498,Antonio Daniels
2041,Etan Thomas
689,Theo Ratliff
201154,Al Thornton
2294,Charlie Bell
202378,Willie Warren
202220,Zabian Dowdell
202382,Derrick Caracter
200817,Pooh Jeter
201238,Mario West
201153,Julian Wright
1899,James Posey
2443,Darius Songaila
101121,Joey Graham
201151,Acie Law
2624,Quinton Ross
2260,Jarron Collins
101129,Luther Head
1715,Jason Williams
1752,Sean Marks
202395,Sherron Collins
101214,Jawad Williams
2050,Morris Peterson
101120,Antoine Wright
2556,Marcus Banks
200772,Maurice Ager
2397,Yao Ming
101177,Fabricio Oberto
201998,Curtis Jerrells
201570,Joe Alexander
201186,Stephane Lasme
2032,Darius Miles
201199,DJ Strawberry
201183,Adam Haluska
200793,Dee Brown
201649,Vernon Hamilton
202404,Drew Naymick
101223,Aaron Miles
202074,Raymond Sykes
202238,Kenny Hasbrouck
202410,Evan Brock
202409,Ricardo Marsh
202411,Richard Delk
202383,Stanley Robinson
202423,Chris Kramer
202421,Ryan Thompson
201193,Demetris Nichols
101232,Roger Powell
2078,Jason Hart
201620,James Gist
201159,Javaris Crittenton
200984,Lance Allred
202213,Connor Atchley
201621,Joe Crawford
201848,Longar Longar
202402,Kevin Palmer
202079,Antonio Anderson
202393,Vernon Goodridge
1088,Chucky Atkins
202400,Anthony Mason
2739,Luke Jackson
2063,Jake Voskuhl
202416,Jon Scheyer
2632,Kirk Penney
202132,Cedric Jackson
1903,Kenny Thomas
244,Dee Brown
200792,Alexander Johnson
2254,Loren Woods
714,Michael Finley
1533,Anthony Johnson
201043,Randolph Morris
2056,Primoz Brezec
1563,Kevin Ollie
201181,Chris Richard
2484,Devin Brown
101143,Travis Diener
201592,J.R. Giddens
1886,Jonathan Bender
1725,Rasho Nesterovic
200776,Mardy Collins
201805,Chris Hunter
1904,Devean George
200767,Josh Boone
2239,Trenton Hassell
201802,Oliver Lafayette
101118,Sean May
201612,Malik Hairston
2553,Jarvis Hayes
1502,Adonal Foyle
201605,Nathan Jawai
2212,Steven Hunter
1747,Rafer Alston
947,Allen Iverson
1729,Ricky Davis
283,Lindsey Hunter
2049,Speedy Claxton
1501,Tim Thomas
2409,Marcus Haislip
2366,Mike Wilks
201629,Othello Hunter
101146,Roko Ukic
1763,Ryan Bowen
2416,Kareem Rush
200781,Paul Davis
2046,Desmond Mason
201622,Deron Washington
2669,Linton Johnson
201446,Mike Taylor
200807,Will Blalock
200971,Dontell Jefferson
2876,Jared Reiner
202076,Thomas Kelati
201235,Courtney Sims
200813,Vincent Grier
200575,Romel Beck
201983,Goran Suton
101194,Anthony Roberson
200763,Quincy Douby
201225,Carlos Powell
2424,Dan Dickau
200847,Brandon Bowman
101208,Spencer Nelson
202078,Leon Rodgers
1766,Maceo Baston
201781,Russell Robinson
202065,Shaun Pruitt
101160,Lawrence Roberts
200918,Rod Benson
1962936250,Wesley Matthews
2413,Juan Dixon
1913,Michael Ruffin
201648,Frank Robinson
202069,Dontaye Draper
202071,Michael Fey
201776,David Monds
201606,Sean Singletary
201242,Thomas Gardner
1962936270,Dionte Christmas
201831,Lanny Smith
201999,Warren Carter
201834,Bennet Davis
201646,Brian Hamilton
500032,Wesley Matthews
